UniProt_ID,Mutation,Interactor_UniProt_ID,Prediction,Median_Probability
P61088,E61K,P38398,1,0.57282
P61088,E61K,Q96PU5,1,0.68296
P61088,E61K,Q9Y4L5,1,0.62781
P61088,E61K,Q9Y3C5,1,0.60244
P61088,E61K,Q9C035,1,0.52623
P61088,E61K,Q9UNE7,0,0.36747
P61088,E61K,Q86Y13,1,0.58555
P61088,E61K,O76064,1,0.55393
P61088,E61K,Q86YT6,0,0.46375
P61088,E61K,O43164,1,0.6191
P61088,E61K,Q9H9V4,1,0.68775
P61088,E61K,Q6ZSG1,1,0.70029
P61088,E61K,O95714,1,0.58431
P51828,N379S,O43306,1,0.66591
P51828,N379S,O60503,1,0.69272
Q9NPD8,S101Y,Q8N448,0,0.24834
Q9NPD8,S101Y,Q8TEB7,1,0.50272
Q9NPD8,S101Y,Q9NW38,0,0.26201
Q9NPD8,S101Y,P35227,0,0.23181
Q9NPD8,S101Y,P78317,0,0.16982
Q9NPD8,S101Y,B5MCZ6,0,0.38928
O14807,D67N,Q92565,0,0.31802
O14807,D67N,Q8TEU7,0,0.40438
O14807,D67N,P55196,0,0.40648
O14807,D67N,Q07889,0,0.45692
Q86UR5,K1590M,P21579,0,0.34143
O95071,R2712C,P61077,0,0.14323
Q96GX5,S196L,Q15418,1,0.60265
P00749,R199K,P00750,1,0.8323
P00749,R199K,P00747,1,0.65871
P62330,D97N,Q9HAV4,1,0.78587
P62330,D97N,O43665,0,0.44792
P62330,D97N,Q9P258,1,0.71661
P49841,R308Q,Q9Y2G4,1,0.70417
Q5TCZ1,N224Y,P62993,1,0.54911
P04637,R248Q,Q13625,0,0.35136
P04637,R248Q,P62993,1,0.56885
P04637,R248Q,Q9H3D4,1,0.692
P04637,R248Q,Q96KQ4,0,0.39006
P04637,R248Q,Q8WUF5,1,0.53317
P04637,R248Q,P07948,0,0.49001
P04637,R248Q,Q06187,1,0.50803
P04637,R248Q,H2EHT1,1,0.69
P04637,R248Q,K7PPA8,1,0.67583
O43791,A216T,Q05516,1,0.64042
P07947,E125Q,Q8IZP0,1,0.70158
P07947,E125Q,P52735,1,0.62851
Q13748,V181M,P25963,0,0.47481
Q13748,V181M,Q15653,1,0.61602
Q13748,V181M,O00221,1,0.76118
Q13748,V181M,P19838,1,0.7249
Q13748,V181M,Q00653,1,0.76201
P07947,D167H,P19174,1,0.54112
P07947,D167H,P52735,0,0.39553
P55060,E829Q,Q5VZM2,1,0.91605
O96017,H345L,O15297,0,0.39871
O00238,Y395D,Q13153,0,0.21482
O00238,Y395D,O95747,0,0.16825
P06126,Y261H,P61769,1,0.57457
P06126,Y261H,F5H6I0,1,0.57615
O75306,D235Y,O00217,1,0.50942
Q7Z6M4,R322W,A8K8I8,0,0.09611
Q7Z6M4,R322W,Q96CB9,0,0.19184
P04637,R273C,Q13625,0,0.06366
P04637,R273C,P62993,0,0.26791
P04637,R273C,Q96KQ4,0,0.15298
P04637,R273C,Q8WUF5,0,0.15013
P04637,R273C,Q06187,0,0.27328
Q9BWU1,A113T,Q9P2K5,0,0.44136
Q9Y297,R187Q,P63208,1,0.8052
Q96B26,D84E,Q5RKV6,1,0.84483
P31749,G33D,P62330,0,0.24344
P84022,R287W,Q15796,0,0.13471
P84022,R287W,O15105,0,0.23247
Q9Y6I7,D332N,Q16531,0,0.47084
Q9P2N7,F545V,Q9P2J3,1,0.59073
P04637,R248W,Q13625,0,0.11356
P04637,R248W,P62993,0,0.25
P04637,R248W,Q9H3D4,0,0.23412
P04637,R248W,Q96KQ4,0,0.18932
P04637,R248W,Q8WUF5,0,0.26771
P04637,R248W,P07948,0,0.22962
P04637,R248W,Q06187,0,0.19801
P04637,R248W,H2EHT1,0,0.20319
P04637,R248W,K7PPA8,0,0.19671
O43639,V5G,P11274,1,0.59564
O43639,V5G,Q8IZP0,1,0.55486
O43639,V5G,Q14185,1,0.53907
O43639,V5G,P07947,1,0.51154
P20936,R391W,P07947,0,0.39906
P20936,R391W,P07332,1,0.61269
P20936,R391W,P16333,1,0.65087
O75093,D294G,Q9Y6N7,0,0.20526
Q9H4P4,G2E,Q9NR09,0,0.34445
Q9H4P4,G2E,Q9H832,0,0.19584
P08138,D104V,P20783,0,0.15908
P08138,D104V,P34130,0,0.19304
P37173,A426T,P23443,1,0.5342
P63000,I33F,Q9Y3L3,1,0.61091
P63000,I33F,P11274,1,0.61952
P63000,I33F,P52757,1,0.68031
P63000,I33F,Q8NF50,1,0.60853
P63000,I33F,O15068,1,0.51669
P63000,I33F,Q01968,1,0.68379
P63000,I33F,O60229,1,0.57845
P63000,I33F,Q13972,1,0.68374
P63000,I33F,Q2M1Z3,1,0.61373
P63000,I33F,Q07960,1,0.55637
P63000,I33F,Q53QZ3,1,0.62635
P63000,I33F,Q68EM7,1,0.64539
P63000,I33F,Q6ZUM4,1,0.65034
P63000,I33F,A7KAX9,1,0.65697
P63000,I33F,O14559,1,0.61542
P63000,I33F,Q17R89,1,0.64762
P63000,I33F,P15498,0,0.44226
P63000,I33F,Q14185,1,0.59583
P63000,I33F,Q92608,1,0.51289
Q13627,Q323H,P22694,0,0.45038
Q13627,Q323H,Q13233,0,0.43379
P06756,C185Y,P05106,0,0.29547
Q14469,V85A,Q96HZ4,0,0.36016
Q14469,V85A,Q9UBP5,0,0.40922
Q14469,V85A,P41134,1,0.52352
Q14469,V85A,Q02363,1,0.62653
Q14469,V85A,Q02535,1,0.6728
Q14469,V85A,P47928,1,0.53977
Q15034,P1013L,Q9UMX0,0,0.30214
Q15034,P1013L,P62987,0,0.26252
O14936,D201E,Q9C0D5,0,0.35798
Q15303,S430R,Q92625,1,0.52228
Q15303,S430R,Q7Z6G8,1,0.78808
P04637,S241F,Q13625,0,0.15426
P04637,S241F,P62993,0,0.24563
P04637,S241F,Q9H3D4,0,0.1659
P04637,S241F,Q96KQ4,0,0.11009
P04637,S241F,Q8WUF5,0,0.40984
P04637,S241F,P07948,0,0.18649
P04637,S241F,Q06187,0,0.18356
P04637,S241F,Q96KQ7,1,0.55334
P04637,S241F,H2EHT1,0,0.18383
P04637,S241F,K7PPA8,0,0.13072
P04626,S310F,P00533,0,0.15109
P62805,Q94E,Q9UER7,1,0.52176
P62805,Q94E,B4E1C1,1,0.50554
P62805,Q94E,Q53F85,0,0.37159
P05062,Y204H,P04075,1,0.70733
Q9Y6X6,K52T,P36873,1,0.59976
Q9Y6X6,K52T,P62136,1,0.65633
P23946,V217I,P01011,0,0.48929
P23946,V217I,P01019,0,0.45655
P29320,V73D,P20827,0,0.3498
P48307,E111G,P03952,1,0.64134
P18206,R993H,Q8IY67,0,0.43998
P18206,R993H,E9PAU2,0,0.44132
Q5T9C9,R40L,O14986,1,0.78825
Q9BXX3,H243Q,P50750,1,0.86842
P63162,K52T,Q9Y4Z0,0,0.32928
P63162,K52T,P62318,0,0.2796
P63261,S145A,O60610,1,0.61508
P11912,A62T,P01871,1,0.88204
P11912,A62T,P01732,1,0.70873
P12109,V639I,P12111,1,0.50185
Q15759,G181S,Q16539,0,0.40313
Q15759,G181S,Q16644,0,0.27735
Q15759,G181S,Q15750,0,0.47831
Q15759,G181S,P49137,0,0.2747
Q15759,G181S,Q8IW41,0,0.49119
Q15759,G181S,Q16512,0,0.42719
Q14161,P17T,O75914,0,0.39492
Q8WVJ9,F116V,Q15672,0,0.2
P04637,R273H,Q13625,0,0.11315
P04637,R273H,P62993,0,0.28971
P04637,R273H,Q96KQ4,0,0.12557
P04637,R273H,Q8WUF5,0,0.40818
P04637,R273H,Q06187,0,0.2075
P00519,D363H,Q13177,0,0.22431
O00422,Q128H,P07910,1,0.55167
O00422,Q128H,Q13595,1,0.61713
O00422,Q128H,O75494,1,0.56795
O00422,Q128H,Q13243,1,0.61808
P41240,S10Y,P42685,1,0.67972
P41240,S10Y,P06239,1,0.69403
P41240,S10Y,P06241,1,0.56214
P41240,S10Y,P08631,0,0.45591
O60500,V872I,Q96J84,1,0.79722
O95396,G301W,O15205,0,0.36957
Q96NW7,W213L,P19022,0,0.32581
P09619,T618M,P54762,0,0.47392
Q14511,H754Q,O75815,0,0.30979
P21728,A208V,Q9Y5N1,1,0.89414
P19174,R645H,O00750,1,0.52571
P19174,R645H,P27986,1,0.6286
P19174,R645H,P42680,0,0.41423
P19174,R645H,P15498,0,0.40976
P19174,R645H,P16885,1,0.70742
P19174,R645H,P42338,0,0.44333
P98179,G30R,P09651,0,0.21108
Q9HCK4,T373S,Q9Y6N7,1,0.742
Q9Y2J0,L50M,Q9ULW5,1,0.85294
Q9Y2J0,L50M,Q96E17,1,0.84582
Q9Y2J0,L50M,O95716,1,0.8424
Q9Y2J0,L50M,P51159,1,0.83269
Q9Y2J0,L50M,P20336,1,0.77987
Q9Y2J0,L50M,P20337,1,0.85522
Q9Y2J0,L50M,P59190,1,0.84009
Q9Y2J0,L50M,P61006,1,0.84419
O95460,A70T,P21941,1,0.60678
O95460,A70T,O00339,1,0.59582
P62834,R2H,Q96JH8,1,0.66758
P62834,R2H,P55196,1,0.56557
O00141,R200P,Q13164,0,0.16924
O00141,R200P,P04049,0,0.39879
Q13485,F339L,O43541,0,0.31572
Q7Z3B1,K140Q,Q9P121,1,0.69214
Q07820,S255R,Q13794,1,0.75615
Q07820,S255R,P10415,1,0.691
Q07820,S255R,Q07817,0,0.48184
Q07820,S255R,O43521,1,0.83709
Q07820,S255R,Q16611,1,0.6105
Q07820,S255R,Q9UMX3,1,0.56425
Q07820,S255R,C8YZ26,1,0.57842
Q9H093,S212T,Q13131,0,0.3129
P48740,R453H,P06681,1,0.82483
Q92997,G83D,O14640,1,0.65777
P04637,C275F,Q9H3D4,0,0.13364
Q9Y6Q9,C248F,Q99743,0,0.29152
Q14195,D28H,Q9BPU6,0,0.36293
Q14195,D28H,B3KT07,0,0.29835
Q14195,D28H,B3KV96,0,0.41151
Q14195,D28H,E9PD68,0,0.35961
Q14195,D28H,Q14194,0,0.34991
Q14195,D28H,Q96I11,0,0.23372
P62807,Q48E,P16104,1,0.63179
P61952,E7Q,Q9HAV0,1,0.84865
P61952,E7Q,P16520,1,0.82197
P61952,E7Q,P62873,1,0.8002
Q9Y6X6,F44L,P36873,1,0.67337
Q9Y6X6,F44L,P62136,1,0.8248
P49758,S285T,O14775,1,0.80815
P49758,S285T,P62873,1,0.77434
P49758,S285T,P62879,1,0.90553
P49758,S285T,P16520,1,0.76524
P49758,S285T,Q9HAV0,1,0.87524
Q14005,G1130R,Q8N448,0,0.36192
Q15818,G324R,O95502,0,0.49073
P28221,M158I,P28222,0,0.39645
P28221,M158I,P21453,0,0.4
O00238,Y215S,Q13153,0,0.18836
Q12959,Q340E,Q14168,1,0.54122
Q12959,Q340E,Q15700,1,0.5539
Q12959,Q340E,P78352,0,0.46516
P51170,L501V,P37088,1,0.61109
P04637,M246V,Q13625,0,0.29265
P04637,M246V,P62993,0,0.30535
P55072,I540V,Q9UBP0,1,0.63911
P48058,A112T,P42261,1,0.55713
Q9UK08,L18Q,P62879,0,0.31917
Q9UK08,L18Q,Q9HAV0,0,0.27517
Q9UK08,L18Q,P16520,0,0.45495
Q9UK08,L18Q,P62873,0,0.22974
Q9Y243,P421T,P25963,0,0.36791
Q9P1W8,P60R,Q08722,0,0.26153
Q13002,F694L,O43424,0,0.39306
P04637,H179R,Q13625,0,0.16504
P04637,H179R,Q9H9B1,0,0.30728
P04637,H179R,Q9H3D4,0,0.23931
P04637,H179R,O15350,0,0.17417
P04637,H179R,Q96KQ4,0,0.22259
P04637,H179R,Q99728,0,0.24071
P04637,H179R,O75832,0,0.2388
P04637,H179R,Q9ULT8,0,0.27421
P04637,H179R,Q96KQ7,0,0.31651
P04637,H179R,H2EHT1,0,0.16594
P04637,H179R,K7PPA8,0,0.21343
P48729,G145S,P25963,0,0.34361
P48729,G145S,P00533,0,0.11287
P12931,H236N,P41240,1,0.84114
P36897,G374E,Q13153,0,0.17552
P36897,G374E,Q16539,0,0.23523
P36897,G374E,P23443,0,0.4337
P36897,G374E,Q9BXA7,0,0.41362
P36897,G374E,O95747,0,0.31548
O43741,L230F,P54619,1,0.56212
O43741,L230F,Q9UGJ0,1,0.81852
O43741,L230F,Q9UGI9,1,0.5969
O43741,L230F,O95382,1,0.7188
P51828,D393N,O43306,0,0.34925
P51828,D393N,O60503,0,0.37868
O15018,D639H,Q96RT1,0,0.23163
P00736,T199M,P09871,0,0.1904
P15104,Q205E,A8YXX4,1,0.59111
P53779,E367K,P28562,1,0.5681
P53779,E367K,P45984,0,0.3062
P62805,V66L,P84243,0,0.30548
P62805,V66L,Q16695,0,0.31175
P62805,V66L,Q71DI3,0,0.33231
P62805,V66L,P49450,0,0.29615
P62805,V66L,P68431,0,0.29626
P61586,Y34C,Q07960,0,0.21868
P61586,Y34C,Q9Y3L3,0,0.37838
P61586,Y34C,Q9NR81,0,0.43082
P17181,R124C,P05000,1,0.71496
P17181,R124C,P01562,1,0.69934
P17181,R124C,P32881,1,0.56013
Q8TBB1,R399H,Q92997,0,0.41517
Q8TBB1,R399H,Q8N448,0,0.45722
Q8TBB1,R399H,Q9UPQ7,0,0.41335
Q14654,V44M,P63252,1,0.7827
P04637,C242Y,P62993,0,0.13427
P04637,C242Y,Q9H3D4,0,0.13119
P04637,C242Y,Q96KQ4,0,0.09428
P04637,C242Y,P07948,0,0.14887
P04637,C242Y,Q06187,0,0.16162
P04637,C242Y,Q96KQ7,0,0.32772
P04637,C242Y,H2EHT1,0,0.17143
P04637,C242Y,K7PPA8,0,0.17133
Q71DI3,E51D,P62805,1,0.65092
Q8TBC4,D347V,Q13564,0,0.35153
Q92888,V495M,Q96B97,1,0.52299
P62805,R40P,P84243,0,0.23975
P62805,R40P,Q16695,0,0.24417
P62805,R40P,Q71DI3,0,0.28167
P62805,R40P,P49450,0,0.32562
P62805,R40P,Q9UER7,0,0.4019
P62805,R40P,P68431,0,0.1325
P62805,R40P,B4E1C1,0,0.48545
P62805,R40P,Q53F85,0,0.40259
P17066,E305Q,P11021,1,0.50151
P17301,I1121R,P05556,1,0.58833
P23469,R291S,Q13332,0,0.31944
P84022,A353S,O95405,1,0.93609
P04637,C176F,O15350,0,0.22828
P04637,C176F,Q96KQ7,0,0.33807
P31751,A318V,P41279,1,0.54194
P31751,A318V,Q5S007,0,0.4
O43521,G156E,Q16548,0,0.17198
O43521,G156E,Q07817,0,0.2184
O43521,G156E,Q92843,0,0.24365
O43521,G156E,Q07812,0,0.30353
O43521,G156E,P10415,0,0.25232
O43521,G156E,Q16611,0,0.38647
O43521,G156E,Q07820,0,0.0645
O43521,G156E,C8YZ26,0,0.30273
P53355,E100K,O14950,0,0.422
P53355,E100K,Q38SD2,1,0.52356
P53355,E100K,P62158,0,0.42407
P53355,E100K,B4DJ51,0,0.42407
O95347,S1144L,Q14683,0,0.47646
Q86UR5,K1590R,P21579,1,0.60909
Q7RTN6,E425Q,Q9Y376,1,0.90984
Q15717,D155H,Q92879,0,0.13219
P37173,M425V,Q13153,0,0.3347
P37173,M425V,Q13546,1,0.53491
P37173,M425V,P23443,0,0.49213
P37173,M425V,P16234,0,0.44502
P37173,M425V,Q9BXA7,0,0.47209
P05089,Y317H,P78540,1,0.81369
P20226,D179E,Q00403,0,0.49818
Q86UR5,M1636I,O14795,0,0.39068
Q9UGP5,R538Q,P18887,0,0.4697
Q99963,A247E,Q99962,1,0.52539
Q99963,A247E,Q6FGM0,0,0.44777
Q99963,A247E,Q7Z376,0,0.46199
Q99963,A247E,Q8IZ09,1,0.52425
Q719H9,G38S,Q96SI1,0,0.43748
Q9UKW4,E705G,P62993,0,0.1365
Q9UKW4,E705G,B0LPF3,0,0.1365
Q92752,E928K,P13611,1,0.73268
Q92752,E928K,P16112,1,0.7577
Q92752,E928K,Q96GW7,1,0.81295
P08754,E216K,P62879,1,0.59962
P08754,E216K,P63096,0,0.26068
P08754,E216K,P04899,0,0.25767
P08754,E216K,P16520,1,0.58639
P08754,E216K,Q9HAV0,1,0.63452
P08754,E216K,P62873,1,0.52912
P54762,F699V,P09619,0,0.37077
P62807,S57C,P16104,0,0.49998
Q15257,D248N,P62136,1,0.57182
Q15257,D248N,P60510,1,0.54625
Q9NW08,L1085P,O14802,1,0.61745
P40937,I154T,P35250,0,0.37959
P40937,I154T,Q75MT5,0,0.38917
P09668,G184C,P01040,0,0.09765
P09668,G184C,P04080,0,0.27716
P04637,R280K,P62993,1,0.65903
P04637,R280K,Q96KQ4,1,0.69155
P04637,R280K,Q8WUF5,1,0.52195
P04637,R280K,Q06187,1,0.68822
P56945,E752K,Q9BRG2,1,0.7313
Q13829,R88P,Q9H3F6,0,0.20442
Q9BUZ4,R15G,P35226,0,0.39823
Q9BUZ4,R15G,Q8N9I9,1,0.7006
Q9BUZ4,R15G,Q99496,1,0.59563
P52333,S959R,P06239,1,0.6869
Q15811,A1009V,Q9NZM3,0,0.23945
Q9Y535,V5G,O75575,1,0.71101
Q9Y535,V5L,O75575,1,0.7837
Q02156,Y573C,Q9UBS0,0,0.2864
Q02156,Y573C,Q15349,0,0.20839
Q02156,Y573C,P17252,0,0.21387
Q9BZY9,I43T,P51668,1,0.65184
Q9BZY9,I43T,P61077,1,0.66118
Q9BZY9,I43T,Q96B02,1,0.6444
Q9BZY9,I43T,P62837,1,0.7131
Q9BZY9,I43T,P61086,1,0.70224
Q9BZY9,I43T,D6RAH7,1,0.59259
Q9Y2H9,Q546R,O95716,0,0.42562
Q9Y2H9,Q546R,P20336,0,0.36615
P54762,Q715R,P09619,1,0.79402
P35237,T257M,P20151,1,0.54916
P00747,A719S,P05121,0,0.45524
Q13625,D1031E,P62140,1,0.52286
Q13625,D1031E,P53350,1,0.63916
Q13625,D1031E,P07947,1,0.65334
Q13625,D1031E,Q9NRM7,1,0.70268
P60709,E195K,P61158,0,0.46348
P60709,E195K,O15145,0,0.44965
Q16548,T91S,O43521,1,0.74256
Q16548,T91S,Q96LC9,1,0.51122
Q16548,T91S,P55957,1,0.53957
Q16548,T91S,Q13794,1,0.575
Q16548,T91S,Q07812,1,0.65499
Q16548,T91S,Q92934,1,0.72825
Q16548,T91S,Q16611,1,0.87476
Q16548,T91S,Q9UMX3,1,0.53566
Q16548,T91S,A8ASI8,1,0.54134
Q16548,T91S,B3KT21,1,0.54134
P01111,I139T,Q04771,0,0.46525
P78508,R175Q,Q9NPI9,1,0.51484
O95259,R693Q,Q8NCM2,1,0.72605
Q15303,D73G,P21860,1,0.57768
Q9H334,R497Q,Q8IVH2,1,0.80385
Q9H334,R497Q,B7ZBM3,1,0.8588
Q13363,S298G,P56545,1,0.73154
P28360,R173C,P50458,0,0.23032
P28360,R173C,P23760,0,0.19155
Q969H0,R505C,P42345,0,0.17859
Q969H0,R505C,A6NE52,0,0.48698
P17342,R211Q,P23582,1,0.52318
P17342,R211Q,P01160,1,0.56612
P17342,R211Q,E5LCN7,1,0.55586
P28068,Y42C,P04229,0,0.19248
P28068,Y42C,P13760,0,0.13518
P28068,Y42C,P01903,0,0.37659
P07948,G192D,Q13094,1,0.63697
P07948,G192D,P29350,0,0.41458
Q8TCU6,F142L,Q15811,0,0.38993
P62826,P49T,Q92973,0,0.30323
P62826,P49T,O94829,0,0.21024
P62826,P49T,P49790,0,0.14133
P62826,P49T,O96013,0,0.27976
P62826,P49T,P49792,0,0.2983
P62826,P49T,O14787,0,0.45128
Q9UL54,V42I,P46734,0,0.39167
O00159,R131C,P35580,0,0.32705
Q9NYV4,R773C,P50750,0,0.3615
Q9NYV4,R773C,O75909,0,0.29839
Q9NYV4,R773C,Q14004,0,0.30442
Q9NYV4,R773C,Q8IZL9,0,0.31824
P01344,G35R,P18065,0,0.22156
P01344,G35R,P17936,0,0.27519
P01344,G35R,P24593,0,0.25978
P01344,G35R,P24592,0,0.26079
P01344,G35R,P08833,0,0.40437
P01344,G35R,P22692,0,0.12353
P01344,G35R,B3KPF0,0,0.36257
P01024,G1009C,P08603,0,0.30822
P01024,G1009C,P01031,0,0.21347
P01024,G1009C,Q92496,0,0.42048
P01024,G1009C,Q9BXR6,0,0.20421
Q15717,W261L,Q92879,0,0.25081
Q15717,W261L,Q15233,0,0.18787
Q15717,W261L,P11940,0,0.16131
Q15717,W261L,Q13310,0,0.1663
Q15717,W261L,Q96PK6,0,0.17626
Q15717,W261L,A0AV96,0,0.22381
Q15717,W261L,P09651,0,0.24837
Q15717,W261L,Q8WXA9,0,0.25708
Q15717,W261L,Q96EP5,0,0.21001
P29597,E822K,P19525,1,0.6206
P29597,E822K,O75159,1,0.51328
P29597,E822K,O14512,0,0.5
P29597,E822K,P27986,1,0.63473
P29597,E822K,P29350,1,0.51493
P29597,E822K,P23458,1,0.55553
P29597,E822K,Q06124,1,0.50273
Q96KS0,G325S,Q9H6Z9,0,0.2
Q8NBB4,R72C,Q9Y2L8,1,0.55186
Q8NBB4,R72C,Q96N95,1,0.61225
Q8NBB4,R72C,O14978,1,0.53988
O00141,I368V,Q96J92,1,0.6489
P02746,K215N,P02745,1,0.83333
P36897,R414G,Q16539,0,0.21056
P36897,R414G,Q08881,0,0.33445
P36897,R414G,Q9BXA7,1,0.56633
P36897,R414G,O95747,0,0.19302
P02511,R123Q,P02489,1,0.86002
P02511,R123Q,Q16082,1,0.94277
P02511,R123Q,P04792,1,0.91376
P02511,R123Q,Q9UJY1,1,0.8898
P02511,R123Q,E9PHE4,1,0.87065
P02511,R123Q,A8KAH6,1,0.94837
Q92828,S308C,O60907,1,0.59148
Q9Y2L1,L532F,Q06265,0,0.46177
O96013,E390K,P21802,0,0.31242
P61081,P66S,O15205,0,0.45936
P61077,D112H,P0CG48,0,0.19617
P61077,D112H,P05161,0,0.47257
Q5T764,E230K,P09914,1,0.7663
Q5T764,E230K,O14879,1,0.76249
Q9Y296,I121M,P0DI81,0,0.4152
Q8N448,S688N,Q8TBB1,1,0.78106
Q8N448,S688N,Q14005,0,0.46189
P36896,V208I,Q13705,1,0.73554
P36896,V208I,P27037,1,0.70368
P46531,A1696V,Q04721,1,0.52862
P46531,A1696V,Q9UM47,1,0.59729
Q13485,R361H,B7Z5N5,0,0.45127
Q13485,R361H,Q68DB7,0,0.47297
Q13485,R361H,Q53XR6,0,0.42872
O95365,G489S,Q02447,1,0.58988
Q9Y3C5,R97W,P61077,0,0.49513
Q16099,Q130R,Q13002,1,0.83169
Q13330,D190E,Q13547,1,0.58272
P35916,V1069I,P27986,1,0.61124
Q9UJX3,G516R,Q13042,1,0.50023
Q9UJT9,T174I,P63208,1,0.62665
P48730,E74K,Q00535,1,0.59978
P48730,E74K,Q9BZL6,1,0.58914
P48730,E74K,P35968,1,0.61619
Q86Y07,G38E,P45983,0,0.39947
Q92837,A216V,P49841,0,0.37826
Q92837,A216V,P49840,0,0.48457
Q92837,A216V,Q6FI27,0,0.38462
P27707,Q156E,F5CTF3,1,0.60173
Q14533,V350L,P19012,1,0.86783
Q14533,V350L,B3KVF5,1,0.71124
Q14533,V350L,O76015,1,0.86756
Q14533,V350L,Q6A162,1,0.90553
Q14533,V350L,Q15323,1,0.72036
Q86UR5,W178R,P20337,0,0.24549
Q86UR5,W178R,Q96E17,0,0.10089
Q86UR5,W178R,O95716,0,0.23998
Q86UR5,W178R,P51159,0,0.31976
Q86UR5,W178R,P61026,0,0.29314
Q86UR5,W178R,Q9ULW5,0,0.33041
Q86UR5,W178R,Q96AX2,0,0.33896
Q86UR5,W178R,P20336,0,0.11585
Q96RJ6,R113Q,P15923,0,0.43113
Q8NFY4,L192V,Q9UIW2,1,0.89183
P05129,P628L,P51817,1,0.74737
Q13241,H87L,P17693,1,0.70988
Q13241,H87L,P01889,1,0.70192
Q13241,H87L,P13747,1,0.65594
Q86YT6,N409S,P53355,1,0.87986
Q12788,R325Q,Q16576,1,0.81209
Q9UK80,C398W,P0CG47,1,0.60637
Q9UK80,C398W,Q5U5U6,1,0.64626
P60604,A26E,Q99942,0,0.4295
P60604,A26E,Q8N2K1,0,0.40683
P60604,A26E,Q6ZNA4,0,0.33279
P60604,A26E,O75382,0,0.37585
P60604,A26E,Q8WU17,0,0.33149
P60604,A26E,P22314,0,0.37477
P60604,A26E,Q9UKV5,0,0.32841
P62805,D69H,Q9UER7,0,0.40881
P62805,D69H,Q16514,0,0.26031
P62805,D69H,P06899,0,0.13206
P62805,D69H,Q16778,0,0.0463
P62805,D69H,B4E1C1,0,0.40664
P62805,D69H,Q53F85,0,0.44892
P61586,E64Q,Q07960,1,0.58247
P61586,E64Q,Q9Y3L3,1,0.62191
P61586,E64Q,Q86VW2,0,0.49727
P61586,E64Q,P11274,1,0.67081
P61586,E64Q,Q9Y4D1,1,0.68866
P61586,E64Q,P52565,1,0.58048
P61586,E64Q,O60890,1,0.55347
P61586,E64Q,P85298,1,0.58632
P61586,E64Q,A1A4S6,1,0.71126
P61586,E64Q,Q5T5U3,1,0.69623
P61586,E64Q,Q9UNA1,1,0.7125
P61586,E64Q,A7KAX9,1,0.67054
P61586,E64Q,O75962,1,0.50376
P61586,E64Q,Q7Z628,1,0.56343
O75317,D334N,P62068,1,0.70338
O75317,D334N,Q53GS9,0,0.34014
P52333,H962L,P27361,0,0.28025
Q06830,S191R,Q13162,0,0.45753
Q15427,E185K,P19338,0,0.4963
Q15427,E185K,Q14103,1,0.52937
Q15427,E185K,Q9GZT3,1,0.62009
Q15427,E185K,Q01085,0,0.4869
Q15427,E185K,Q14498,0,0.3045
Q12860,K76T,Q02246,1,0.56664
O60285,R263W,Q9BZL4,1,0.64864
O60285,R263W,Q13131,1,0.60214
Q92841,S219C,P61326,0,0.16003
Q14627,I314S,P35225,1,0.54327
P14210,R261L,P03952,0,0.19644
O60603,L672V,Q99836,0,0.38139
P42679,A104V,P12931,1,0.60956
P10721,S590R,P06239,1,0.72815
Q13237,Q655K,Q15746,1,0.66546
Q92905,I206V,P46736,0,0.43422
P11473,R402G,P41235,1,0.66788
P11473,R402G,Q9Y5X4,0,0.40974
Q16659,P314L,P53350,0,0.187
Q9Y5X4,E384K,P19793,1,0.62262
Q9Y5X4,E384K,P11473,1,0.85131
O00206,F467L,Q15399,0,0.44365
Q9NRY4,F1409L,P61586,1,0.68255
Q9NRY4,F1409L,Q92730,1,0.71487
Q9NRY4,F1409L,P52198,1,0.7107
Q9NRY4,F1409L,P61587,1,0.6996
P13598,N105H,P20701,1,0.75039
Q99962,T54S,Q99961,0,0.39259
Q99962,T54S,Q99963,0,0.37467
Q99962,T54S,Q6FGM0,0,0.29906
Q99962,T54S,Q7Z376,0,0.32638
Q99962,T54S,Q8IZ09,0,0.43935
Q6ZMR3,E240D,P40926,1,0.86704
Q15672,E167A,P15923,0,0.24552
P42771,D153N,P07437,1,0.6768
Q9BXX3,K203T,P50750,1,0.73608
P43403,R99H,Q06187,1,0.78939
P43403,R99H,O75791,1,0.81883
P43403,R99H,Q92569,1,0.80788
P43403,R99H,O00459,1,0.82631
Q70CQ2,Y2184C,Q93008,0,0.36454
P47872,R83Q,P18509,1,0.74897
P08476,R379W,A4D1W7,0,0.31766
P56159,R224Q,P39905,0,0.46241
P56159,R224Q,Q99748,1,0.51499
P24864,H211R,P11802,0,0.42037
P24864,H211R,Q99640,1,0.57403
P15529,E37V,P01024,1,0.82333
P24821,A981T,P02751,1,0.69936
P33681,N98K,P42081,0,0.32727
P02749,E46K,P08519,1,0.7215
P17693,A235V,P01732,0,0.4
P17693,A235V,Q13241,1,0.53104
P23468,Q1796R,P18433,1,0.80824
P23468,Q1796R,Q13332,1,0.72917
P23468,Q1796R,P23469,1,0.86284
P33402,Q511H,Q02153,1,0.76532
O43557,G188R,Q06643,1,0.60874
P29622,R306Q,P06870,1,0.91021
P29622,R306Q,P20151,1,0.73439
P19784,R245C,Q13153,0,0.26821
P08246,A195T,P01009,1,0.57034
Q13950,D161E,Q13951,1,0.65982
P40145,W530C,O95622,0,0.28546
P40145,W530C,O60503,0,0.31801
P02675,Y182H,P02671,1,0.88256
P04637,H168R,Q13625,0,0.18636
P04637,H168R,P62993,0,0.26402
P04637,H168R,Q96KQ4,0,0.22325
P04637,H168R,Q8WUF5,0,0.3513
P04637,H168R,P07948,0,0.17955
P04637,H168R,Q06187,0,0.31307
Q6DT37,Y237F,Q9UHD2,1,0.52009
O14910,K170T,Q12959,0,0.09457
O14910,K170T,O14936,1,0.68158
O14910,K170T,P78352,0,0.13774
P50225,A271V,O00204,1,0.59447
O94829,R310C,P62826,0,0.37287
O94829,R310C,B4DV51,0,0.16358
Q8NI35,V270M,Q8TEW0,0,0.45759
Q6ZSB9,D63N,Q96BR9,1,0.77037
P20073,R278L,P09525,1,0.51684
P28072,A232S,P49720,1,0.80121
P28072,A232S,P28065,1,0.86182
Q13620,D895A,Q92564,0,0.22656
Q13620,D895A,Q9BTE7,0,0.47127
Q13620,D895A,P62877,0,0.36192
P43146,Q410H,Q9Y6N7,1,0.69414
Q13237,T386K,O76039,0,0.41649
Q13237,T386K,Q15746,0,0.43251
P41091,H65Y,P20042,1,0.50796
P52701,E1274Q,E9PHA6,1,0.70731
P61586,D59G,Q9NR81,0,0.41512
P61586,D59G,Q12774,1,0.5359
P61586,D59G,Q9NZN5,0,0.4509
P61586,D59G,Q86VW2,0,0.16059
P61586,D59G,Q96N67,0,0.31055
P61586,D59G,P52565,0,0.29143
P61586,D59G,P52566,0,0.30195
P61586,D59G,Q99819,0,0.32544
P61586,D59G,O15068,0,0.21921
P61586,D59G,P10911,0,0.44935
P61586,D59G,Q9H7P9,0,0.40026
P61586,D59G,Q13972,1,0.51351
P61586,D59G,O75962,0,0.41052
P61586,D59G,Q9UKW4,0,0.43059
P61586,D59G,P15498,0,0.30777
P61586,D59G,Q8IW93,0,0.43777
P61586,D59G,Q8N5V2,0,0.35548
P61586,D59G,Q12802,0,0.46167
P61586,D59G,Q92888,1,0.52775
P61586,D59G,Q92974,0,0.4852
P61586,D59G,Q9NR80,0,0.43546
P61586,D59G,O15085,0,0.46647
P61586,D59G,Q6ZSZ5,0,0.49421
P61586,D59G,P52735,0,0.38032
Q86VZ2,D168N,Q15291,1,0.5402
Q86VZ2,D168N,P61964,0,0.47045
Q9BXS5,R393H,Q9Y6Q5,1,0.5864
P42261,S99A,P42262,1,0.60192
P42261,S99A,O43424,1,0.63917
P42261,S99A,Q13002,1,0.7318
P42261,S99A,Q05586,1,0.85419
P62805,R46Q,P84243,1,0.6402
P62805,R46Q,Q16695,1,0.62772
P62805,R46Q,Q71DI3,1,0.64257
P62805,R46Q,P49450,1,0.60671
P62805,R46Q,P68431,1,0.59267
Q15672,F158V,P15172,0,0.17256
Q15672,F158V,Q8WVJ9,0,0.18767
P48058,A74V,P42261,1,0.50945
P30530,R800W,P06239,0,0.23545
Q86X55,R140Q,P61964,1,0.74741
Q02779,V315M,P60953,0,0.21422
Q02779,V315M,Q16539,0,0.39459
Q15691,T249I,Q14203,0,0.15461
Q15691,T249I,Q99426,0,0.27644
Q15691,T249I,P30622,0,0.23805
Q15691,T249I,G5E9I6,1,0.62261
Q15691,T249I,Q15555,1,0.5917
Q15691,T249I,Q9UPY8,1,0.53668
Q15691,T249I,Q6MZZ3,0,0.18352
Q14974,I72V,P62826,1,0.77718
Q14974,I72V,Q5S007,1,0.79048
O60346,R1202H,Q6ZVD8,1,0.69117
O43752,H227Y,Q9BV40,1,0.58594
Q14896,E96K,Q8WZ42,1,0.80852
Q96RR4,T350M,P54646,0,0.33244
Q96RR4,T350M,Q14315,0,0.3375
Q02880,F610L,P11388,0,0.28967
Q15842,P253T,Q14654,1,0.82763
P04629,R692H,P29350,0,0.27869
P04629,R692H,P01112,0,0.30628
P04629,R692H,P01116,0,0.32679
Q13490,G341D,Q14790,0,0.35222
P02549,L1034P,P00519,0,0.19843
P14416,V200M,P30411,1,0.66545
P14416,V200M,P32248,1,0.63658
P14416,V200M,P51685,1,0.64259
P14416,V200M,P35346,1,0.55759
P15735,S170L,P38936,1,0.52545
O94762,A37V,Q86XP3,1,0.61211
P46531,E488K,P78504,1,0.79852
P62807,E36K,P16104,1,0.65419
O75593,P35L,P55316,0,0.48939
P62805,K60N,P84243,1,0.51182
P62805,K60N,Q16695,1,0.5173
P62805,K60N,Q71DI3,1,0.50892
P62805,K60N,P49450,1,0.54794
P62805,K60N,P68431,0,0.4
P62805,K60R,P84243,1,0.6391
P62805,K60R,Q16695,1,0.64927
P62805,K60R,Q71DI3,1,0.69088
P62805,K60R,P49450,1,0.63805
P62805,K60R,P68431,1,0.61055
Q92905,D94N,O00487,0,0.48905
Q92905,D94N,P46736,0,0.40705
Q92905,D94N,Q7L5N1,0,0.45937
P04637,P177S,Q13625,0,0.34447
P04637,P177S,Q99466,0,0.40638
P04637,P177S,Q9H3D4,0,0.32379
P04637,P177S,O15350,0,0.29027
P04637,P177S,Q96KQ4,0,0.37285
P04637,P177S,O75832,0,0.4
P04637,P177S,Q96KQ7,0,0.36691
P04637,P177S,H2EHT1,0,0.37681
P04637,P177S,K7PPA8,0,0.36766
P04637,P177S,Q53GA5,0,0.35
Q16515,F271L,Q9UHC3,0,0.35179
Q969H0,T536R,A6NE52,1,0.62185
P31323,V257L,P17612,0,0.42076
P31323,V257L,P53350,1,0.63916
P31323,V257L,P48730,1,0.61268
O60503,D1093Y,Q08462,0,0.33794
O60503,D1093Y,O43306,0,0.29092
O60503,D1093Y,P51828,0,0.3376
O60503,D1093Y,P40145,0,0.2342
Q13485,W524L,O43541,0,0.28385
Q13485,W524L,O15105,0,0.32439
Q15831,P221L,Q9C0K7,0,0.36716
Q15831,P221L,P23443,0,0.42935
Q5VT25,D16E,P24844,1,0.79376
Q5VT25,D16E,P10916,1,0.69563
Q5VT25,D16E,P19105,1,0.64059
P63316,I112T,P06493,0,0.33282
Q9NZL6,M410V,P01112,1,0.70244
O00629,E387K,Q9UKX7,0,0.42662
P04637,C176Y,O15350,0,0.23522
P04637,C176Y,Q96KQ7,0,0.34134
O75379,R101S,O43752,1,0.55427
O75379,R101S,Q9UNK0,1,0.84636
P30542,V137M,P29274,1,0.63344
P30542,V137M,P21728,1,0.67533
P30542,V137M,P47900,1,0.63969
P30542,V137M,A8K1F6,1,0.69167
P30542,V137M,B3KVQ4,1,0.62194
Q9UM73,E1167A,P29323,0,0.40232
Q9UM73,E1167A,O14733,0,0.39205
P24386,D143Y,Q9H0U4,1,0.73503
P24386,D143Y,O95716,1,0.631
P24386,D143Y,P20340,1,0.69044
P24386,D143Y,P61106,1,0.7453
P24386,D143Y,Q9NP72,1,0.72722
P24386,D143Y,P20336,1,0.65943
P24386,D143Y,P61020,1,0.71661
P24386,D143Y,P51149,1,0.67917
P24386,D143Y,P20337,1,0.69334
P24386,D143Y,P20338,1,0.7408
P24386,D143Y,P20339,1,0.75146
P24386,D143Y,Q13637,1,0.74511
P54764,D867N,P06241,1,0.78243
P21549,W332C,P50542,0,0.21421
P21549,W332C,B4E0T2,0,0.33041
Q9BXW4,R76C,Q13137,0,0.17945
Q9BXW4,R76C,O95166,1,0.52664
Q06141,R157M,P02751,0,0.32793
Q9HAV4,E162A,P62330,0,0.39485
P08263,R131C,P09210,1,0.51386
P08263,R131C,B7Z1F9,0,0.48563
Q13422,R213Q,Q9UKT9,1,0.6972
P00533,P373S,Q99075,1,0.61884
P37088,V481M,P51168,1,0.67976
Q8IW41,R56H,Q15759,1,0.90682
Q8IW41,R56H,Q16659,1,0.87664
Q8IW41,R56H,P45984,1,0.8975
Q8IW41,R56H,P53778,1,0.92697
Q8IW41,R56H,Q96SB4,1,0.9198
P62826,L164R,P49792,0,0.38024
P62826,L164R,O95747,0,0.44777
O15439,R1220W,P13569,0,0.14619
Q15139,L867M,P12931,1,0.84235
Q8N3R9,R578H,Q96JB8,1,0.8679
P53350,R293C,O60285,0,0.37903
P53350,R293C,Q8IYT8,0,0.36366
P53350,R293C,O43683,0,0.46354
Q04844,V147I,P02708,1,0.764
O14745,G176A,Q5T2W1,0,0.18876
P07947,T300M,P12814,0,0.18793
O60307,V551E,P54646,1,0.51732
O00459,A169V,P27986,0,0.4818
P04632,H131Y,Q13177,1,0.7756
P40145,R404W,O95622,1,0.61311
Q8IWL1,S126G,Q8IWL2,1,0.73114
P13591,D268N,P11362,0,0.41132
P13591,D268N,P06241,0,0.33933
Q9H1R3,D382H,Q13164,0,0.08876
Q9UKA1,V212A,P63208,1,0.67817
P42771,H83Y,P11802,0,0.24073
P42771,H83Y,P29320,0,0.38047
P42771,H83Y,O14920,0,0.37709
P42771,H83Y,P17252,0,0.41847
Q7L804,E478G,P57735,0,0.15283
Q7L804,E478G,P62491,0,0.15861
Q7L804,E478G,Q15907,0,0.12851
Q7L804,E478G,Q5S007,0,0.31933
Q08043,D522Y,O43707,0,0.23744
P08727,S356N,P19012,1,0.73045
P08727,S356N,P04259,1,0.73541
P08727,S356N,B3KVF5,1,0.70473
P08727,S356N,P35908,1,0.84312
Q8IUR0,E23K,Q5T215,0,0.44786
P24158,G197D,P01009,0,0.18912
P24158,G197D,P30740,0,0.36679
P63092,E209Q,Q08462,0,0.32009
Q07001,R233L,P02708,0,0.48954
Q16526,C414R,Q9UKT7,0,0.15125
Q16288,A826V,P00519,1,0.52985
P01024,R881H,P00751,1,0.52751
P01024,R881H,P20023,1,0.58088
P01024,R881H,Q02985,1,0.69122
Q9BV40,S55F,P32856,1,0.67162
Q9BV40,S55F,O15400,0,0.37262
Q9BV40,S55F,Q9UNK0,0,0.21826
Q9BV40,S55F,Q16623,1,0.64794
Q9BV40,S55F,P61266,1,0.60685
Q9BV40,S55F,O00161,0,0.35232
Q9BV40,S55F,P60880,0,0.4684
Q9BV40,S55F,Q12846,1,0.67985
Q9BV40,S55F,Q13277,1,0.64559
Q9BV40,S55F,A8K287,0,0.31197
Q969H0,R505G,P42345,0,0.14057
Q969H0,R505G,A6NE52,0,0.4815
P54760,G519S,P20936,1,0.77142
Q14289,A582S,O60674,1,0.66106
Q14289,A582S,P52333,1,0.52928
Q14289,A582S,P27986,1,0.76442
Q14289,A582S,P46108,1,0.65129
Q14289,A582S,Q05655,1,0.73337
Q14289,A582S,Q9ULH1,1,0.74383
Q14289,A582S,Q9Y2X7,1,0.69125
P41279,A148T,Q13873,1,0.7971
P41279,A148T,P62158,1,0.84669
P41279,A148T,Q99558,1,0.65743
Q16777,E92K,P16104,0,0.39092
Q92736,T863K,Q15413,1,0.75564
Q9Y4A5,R3635H,Q15542,0,0.47591
P05062,T260N,P04075,0,0.35845
Q96AX1,A398T,Q9H269,1,0.58096
P52292,G365V,Q9UKX7,0,0.3529
Q96P09,M222I,P62837,1,0.68451
Q96P09,M222I,Q9Y2X8,1,0.70152
Q96P09,M222I,Q13404,1,0.76238
Q96P09,M222I,Q96B02,1,0.7489
Q96P09,M222I,P51668,1,0.7741
Q96P09,M222I,P61077,1,0.68712
Q96P09,M222I,P51965,1,0.77618
Q96P09,M222I,P60604,1,0.73353
Q96P09,M222I,P61086,1,0.72839
Q96P09,M222I,P61088,1,0.71501
Q7Z794,L428M,B3KVF5,1,0.8288
Q7Z794,L428M,P19012,1,0.80959
Q7Z794,L428M,Q15323,1,0.8462
O14775,E281K,P42336,1,0.53284
O14775,E281K,Q13371,1,0.80574
O14775,E281K,P42338,1,0.54096
O14775,E281K,O94810,1,0.79784
O14775,E281K,P49758,1,0.79241
O14775,E281K,P49802,1,0.80288
O95259,R693W,Q8NCM2,1,0.67481
P33778,E114K,Q96QV6,1,0.60564
P33778,E114K,P20671,1,0.62868
Q96RU8,R172Q,O14733,1,0.81639
Q15700,E254K,O14910,0,0.41263
Q02846,L794R,P06241,1,0.66441
O15400,A220E,P51809,1,0.55779
O15400,A220E,Q9BV40,0,0.4
O15400,A220E,O75379,0,0.47894
O15400,A220E,Q96AJ9,1,0.51177
O15400,A220E,Q15836,1,0.57282
P43681,N107S,P17787,1,0.79591
P43681,N107S,P30926,1,0.69183
Q08881,F4V,P51813,1,0.61528
Q8IXF0,E176K,Q9HBZ2,1,0.50838
P10600,I47M,P09529,1,0.76748
P10600,I47M,P61812,1,0.65829
P10600,I47M,P55103,1,0.74719
P10600,I47M,A5YM40,1,0.70688
P10600,I47M,B3KVH9,1,0.70688
O14521,W157R,Q99643,0,0.24704
P35626,F59L,P25098,1,0.56651
P28066,R93T,P49721,0,0.19833
P28066,R93T,P28070,0,0.18493
P28066,R93T,P28074,0,0.11044
P28066,R93T,Q99436,0,0.1416
P28066,R93T,P28062,0,0.05703
P28066,R93T,O14818,0,0.08177
P28066,R93T,P20618,0,0.2
P28066,R93T,P28072,0,0.18312
Q7L0X0,E142Q,O15455,1,0.8469
Q6ZU15,E253K,Q15019,1,0.63761
P07948,K423T,P23443,0,0.36794
P07948,K423T,Q9UBS0,0,0.29708
P08237,V352I,P17858,1,0.62435
P08237,V352I,Q7L2M7,1,0.59084
Q9Y219,S391W,Q04721,0,0.24901
Q9Y219,S391W,Q9UM47,0,0.2622
Q9ULB5,F54L,P55291,1,0.7269
Q9ULB5,F54L,P55289,1,0.76056
Q01973,E731D,P21860,1,0.63855
P08174,Q173E,P01024,1,0.93183
P08174,Q173E,B1AP13,1,0.80036
Q9NRM7,M667V,O96017,1,0.56121
Q9NRM7,M667V,Q13627,1,0.83502
Q9Y2J2,V267A,Q9H4G0,1,0.62481
P49802,K275E,O14775,1,0.78448
Q9H4E5,I194S,P60953,0,0.47768
P04626,V839M,Q96JA1,1,0.64103
P04626,V839M,Q13153,1,0.74737
Q92569,V366A,P52735,1,0.91632
Q8N3C7,T279M,P30622,1,0.66502
P37231,T475M,P04150,1,0.58627
P37231,T475M,P51843,1,0.60898
P37231,T475M,Q15466,1,0.57327
P37231,T475M,Q92731,0,0.40112
P37231,T475M,Q9Y5X4,0,0.40416
P37231,T475M,P19793,0,0.40491
P37231,T475M,P48443,0,0.34534
P37231,T475M,P28702,0,0.32851
P37231,T475M,P03372,0,0.44235
P37231,T475M,B3KY83,0,0.4379
P37231,T475M,F1D8Q5,0,0.35353
P37231,T475M,Q6P3U7,0,0.34304
Q92608,I58M,P46109,0,0.38324
Q92608,I58M,P46108,1,0.60469
Q6SJ96,V338M,P62380,1,0.56773
Q9UBE8,P140L,Q9H2X6,1,0.51777
P43629,E263D,P01889,1,0.63473
Q9HBE1,S147T,P41182,1,0.88564
Q9HBE1,S147T,O14867,1,0.87497
Q9HBE1,S147T,Q9BYV9,1,0.86787
Q9HBE1,S147T,B5B0A5,1,0.9094
P63096,K67N,O14924,1,0.79211
P63096,K67N,P04899,1,0.59244
P63096,K67N,P09471,1,0.56998
P63096,K67N,P30679,1,0.52858
P41586,N104K,P18509,1,0.83791
P32119,E154V,Q06830,0,0.27078
P32119,E154V,Q13162,0,0.23829
P32119,E154V,P30041,0,0.2092
Q7L0X0,A166T,O15455,1,0.65077
Q15303,R488W,Q92625,0,0.21562
Q15303,R488W,Q7Z6G8,0,0.4815
P51451,K144N,P16885,1,0.77382
Q15399,L532V,O60603,1,0.6459
P49005,F162Y,Q15054,1,0.72881
Q13163,H185D,Q9Y5S2,0,0.40351
Q13163,H185D,J3KRN4,0,0.37918
Q13163,H185D,J3QRB6,0,0.38738
P17252,D652Y,P15056,1,0.5176
P17252,D652Y,O15111,0,0.40118
P17252,D652Y,Q02156,0,0.37539
P17252,D652Y,Q05513,0,0.32401
P17252,D652Y,Q15746,0,0.31318
P17252,D652Y,P00533,0,0.44067
Q15375,Y791H,Q00535,0,0.35559
Q15375,Y791H,P54756,0,0.42573
P34896,G85R,P34897,0,0.3592
Q05655,A454V,P25963,0,0.40885
Q05655,A454V,P51617,0,0.4685
Q8TAI7,A143V,Q04771,1,0.68454
Q8TAI7,A143V,O00238,0,0.37362
Q8TAI7,A143V,P31749,0,0.4
Q13485,R361C,B7Z5N5,0,0.42374
Q13485,R361C,Q68DB7,0,0.46058
Q13485,R361C,Q53XR6,0,0.23539
Q07001,D229E,P02708,1,0.88945
P78504,E711G,Q9NR61,1,0.50592
P78504,E711G,Q9Y219,1,0.64576
Q92608,P60R,P46108,0,0.39349
O75791,R133G,P43403,0,0.47967
O75791,R133G,Q9H3S7,0,0.3494
O75791,R133G,Q13094,1,0.62764
P68431,H114N,Q9Y294,0,0.34956
P68431,H114N,Q9NVP2,0,0.31242
P68431,H114N,P49450,0,0.20981
Q9Y6X6,A67V,P36873,0,0.3063
Q9Y6X6,A67V,P62136,1,0.5864
Q9HAV0,K57N,Q13371,0,0.4949
Q9HAV0,K57N,P49758,0,0.46032
Q9HAV0,K57N,P08754,1,0.54002
P21728,R55W,Q9Y5N1,1,0.54374
P84022,S416F,O15198,0,0.37143
P84022,S416F,Q99717,0,0.49994
P84022,S416F,B7Z5N5,0,0.4632
P84022,S416F,Q53XR6,0,0.39479
Q99963,V81M,Q99961,1,0.56021
Q9HCK4,R94C,O94813,0,0.14506
Q9HCK4,R94C,O75094,0,0.20124
P31749,T105A,Q9UQC2,1,0.66774
P31749,T105A,P31751,1,0.69116
P31749,T105A,Q13480,1,0.85381
Q08999,R850H,P28749,0,0.40939
Q08999,R850H,P06400,0,0.33558
P61158,Q157E,O00401,1,0.62307
Q9H2K2,F1107L,O95271,0,0.18473
P26010,D326N,P13612,0,0.26358
P78352,G169D,Q15700,0,0.10461
P78352,G169D,Q12959,0,0.12725
P78352,G169D,P29475,0,0.44285
P78352,G169D,Q9Y566,0,0.40877
Q8NBB4,A89T,Q9Y2L8,1,0.91777
Q8NBB4,A89T,Q96N95,1,0.86833
Q8NBB4,A89T,O14978,1,0.77182
Q13616,E768K,Q6PH85,1,0.75859
Q13616,E768K,Q9BTE7,1,0.89791
P15884,R576Q,O43680,0,0.47849
P15884,R576Q,Q02363,1,0.50564
P15884,R576Q,P12980,0,0.47836
P15884,R576Q,P41134,0,0.49887
Q92905,K236I,O00487,1,0.6091
Q92905,K236I,P46736,0,0.46307
Q86VP6,V1162G,Q13616,0,0.36518
Q86VP6,V1162G,Q13617,1,0.56989
Q86VP6,V1162G,Q13620,0,0.3
Q86VP6,V1162G,Q93034,0,0.48382
Q86VP6,V1162G,Q13619,0,0.39186
Q86VP6,V1162G,B2RBV7,0,0.41519
P62805,R93T,Q9UER7,0,0.44439
P62805,R93T,Q16514,0,0.32963
P62805,R93T,P06899,0,0.08475
P62805,R93T,Q16778,0,0.12499
P62805,R93T,B4E1C1,1,0.50907
P62805,R93T,Q53F85,1,0.55256
Q14247,D508N,Q8IZP0,1,0.69173
Q14247,D508N,P14598,1,0.67933
Q14247,D508N,Q15843,1,0.78633
Q14247,D508N,Q9UPX8,1,0.71891
Q14247,D508N,P12931,1,0.76159
Q14247,D508N,Q9ULH1,1,0.65011
Q14247,D508N,Q9Y5K6,1,0.74746
Q14247,D508N,P62993,1,0.712
Q16665,Y325F,Q9Y2N7,1,0.62856
Q16665,Y325F,Q9HBZ2,1,0.65577
Q16665,Y325F,Q99814,1,0.6209
Q16665,Y325F,P27540,1,0.64386
Q9NRM7,S846F,O14757,0,0.38776
Q9NRM7,S846F,O96017,0,0.28936
Q9H3D4,R330K,P04637,1,0.72957
P04637,R174W,Q99466,0,0.39362
P04637,R174W,Q96KQ7,0,0.40655
Q92823,A132S,O94856,1,0.84375
Q92823,A132S,Q02246,1,0.59763
O75159,W433C,P08581,0,0.17713
O75159,W433C,P23458,0,0.4684
O75159,W433C,P10721,0,0.25612
Q9UHX1,R227H,P11940,1,0.51001
P11274,D475V,P60953,0,0.3886
Q15375,K812T,Q00535,1,0.50759
P63010,P246T,Q9Y6Q5,0,0.3907
P63010,P246T,B3KNH5,0,0.37258
P63010,P246T,Q59EK3,1,0.59711
Q9Y271,A124G,Q9NS75,1,0.55511
Q16659,P206L,Q08345,0,0.38224
Q16659,P206L,P61019,0,0.41615
Q16659,P206L,Q13636,0,0.4
Q8NER1,D301N,Q9Y5S1,1,0.53199
Q9Y252,H655D,P62256,1,0.52395
O75582,H625D,Q16539,1,0.75081
O75582,H625D,Q15759,1,0.78763
O75582,H625D,P19838,1,0.73829
O75582,H625D,B4E0K5,1,0.71206
O75582,H625D,L7RSM2,1,0.78333
O75582,H625D,D4Q8H0,1,0.66918
Q13114,Q390H,Q12933,1,0.85154
Q13114,Q390H,D3DT93,1,0.65088
Q01130,P95L,O14979,0,0.18315
Q01130,P95L,P61326,0,0.35938
Q01130,P95L,P84103,0,0.30284
Q01130,P95L,P62995,0,0.21971
Q01130,P95L,P22626,0,0.29125
P21953,A165V,P12694,0,0.3375
P21953,A165V,B4DP47,0,0.25459
P21953,A165V,Q59EI3,0,0.35131
O75899,D165N,Q9UBS5,1,0.80653
O75899,D165N,Q5SUJ9,1,0.85731
O75899,D165N,Q8IW08,1,0.80615
P46734,R152Q,Q9Y6R4,1,0.84542
P46734,R152Q,Q99683,1,0.83955
P46734,R152Q,Q16539,1,0.7989
Q9NVX2,R229W,P61964,0,0.34539
Q13748,A383V,P19838,0,0.38749
P49720,R198W,P28072,0,0.32372
P49720,R198W,P40306,0,0.3301
P49720,R198W,Q99436,0,0.29233
P49720,R198W,E9KL30,0,0.29233
P49720,R198W,Q6IAT9,0,0.3316
P00742,R346H,P12259,1,0.71101
P00742,R346H,P00451,1,0.67937
P00742,R346H,P00750,1,0.87991
Q14814,V37M,Q02078,1,0.82107
Q14814,V37M,Q06413,1,0.84101
Q9GZL7,T417I,Q14137,1,0.7786
Q15746,V1632L,P27361,1,0.73476
Q15746,V1632L,Q13153,0,0.34929
Q02779,M261I,P60953,1,0.57455
Q02779,M261I,P63000,1,0.68676
Q02779,M261I,P45984,1,0.63228
P04637,H179Y,Q13625,0,0.26423
P04637,H179Y,Q9H9B1,0,0.325
P04637,H179Y,Q9H3D4,0,0.23071
P04637,H179Y,O15350,0,0.19162
P04637,H179Y,Q96KQ4,0,0.25
P04637,H179Y,Q99728,0,0.38081
P04637,H179Y,O75832,0,0.25979
P04637,H179Y,Q9ULT8,0,0.27392
P04637,H179Y,Q96KQ7,0,0.33535
P04637,H179Y,H2EHT1,0,0.34761
P04637,H179Y,K7PPA8,0,0.35926
Q9NPI9,A168S,P78508,1,0.7423
Q9NPI9,A168S,P63252,1,0.67294
P98160,P2562S,Q14112,0,0.38353
Q92736,A2853S,P21817,1,0.62595
Q92736,A2853S,Q15413,1,0.64995
P31321,E55K,P10644,1,0.75499
P31321,E55K,B2R5T5,1,0.79538
P42336,H1047R,Q13535,1,0.67625
P42336,H1047R,P27986,0,0.40254
P42336,H1047R,O00459,0,0.41193
P42336,H1047R,P43403,0,0.44837
P01116,G12D,Q12967,1,0.56688
P01116,G12D,Q7LDG7,1,0.50599
P01116,G12D,O15211,1,0.55059
P01116,G12D,Q8IV61,1,0.56606
P01116,G12D,Q6PCE1,1,0.58883
