UniProt_ID,Mutation,Interactor_UniProt_ID,Prediction
Q9UKS6,R24H,Q9BY11,0
Q9UKS6,R24H,Q9UNF0,0
Q9UKS6,R24H,Q5TZC3,0
Q9UKS6,R24H,Q6FIA3,0
P42336,H1047R,Q13535,1
P42336,H1047R,P27986,0
P42336,H1047R,O00459,0
P42336,H1047R,P43403,0
Q9UBN7,D567Y,Q96DB2,0
P28062,R216W,P40306,0
Q15842,E237K,Q14654,0
Q15842,E237K,P63252,0
P42336,C420R,Q92569,0
P42336,C420R,P27986,0
P42336,C420R,O00459,0
P42336,C420R,P09769,0
O15041,E364K,Q9Y4D7,1
O43684,D117G,Q12834,0
Q13418,N202K,Q9Y243,1
Q13418,N202K,O15530,1
Q13418,N202K,P31749,1
Q9UL54,V301M,P46734,1
Q9UL54,V301M,P52564,1
P04637,R280K,P62993,1
P04637,R280K,Q96KQ4,1
P04637,R280K,Q8WUF5,1
P04637,R280K,Q06187,1
Q01196,G95R,Q13951,0
P48544,F343L,P48549,1
P01011,R255Q,P07288,1
P01011,R255Q,P26927,1
P01011,R255Q,P20151,1
O14980,E571K,O95149,1
Q12840,G36R,O60282,0
Q71DI3,E98Q,P62805,0
P42336,G1049R,Q13535,1
Q14469,R46Q,Q9UBP5,0
Q14469,R46Q,Q02363,1
Q14469,R46Q,Q02535,1
P20810,D466H,P17655,0
P20810,D466H,P07384,0
P20810,D466H,B2RDI5,0
P20810,D466H,B4DWH5,0
P67775,E297K,Q15173,1
P67775,E297K,P46531,1
P67775,E297K,Q15172,1
P67775,E297K,Q14738,1
P67775,E297K,Q16537,1
P67775,E297K,P42773,1
P67775,E297K,P62136,0
O15111,M65I,Q13451,1
O15111,M65I,O43353,0
Q14005,S314C,Q9UME6,1
Q9H4L4,Q399H,P61956,1
Q9H4L4,Q399H,P55854,1
Q7RTN6,R226G,Q15831,0
Q7RTN6,R226G,Q9Y376,0
Q9HAP6,S115L,P78352,0
Q9UHP3,S507L,P54725,0
Q9UHP3,S507L,Q15843,1
Q9UHP3,S507L,A8K1J3,1
O14936,M507I,O14910,0
O14936,M507I,Q9HAP6,0
O14936,M507I,Q9NUP9,0
P29466,R374L,Q14790,1
P29466,R374L,Q92851,0
P29466,R374L,P31944,0
P29466,R374L,P49662,0
P29466,R374L,A8K249,0
P29466,R374L,A8K257,0
Q9Y2S0,S54F,O15160,0
Q9Y2S0,S54F,P19387,0
P60510,H238R,Q9Y570,0
P60510,H238R,P62714,0
P28072,M150V,P40306,1
P28072,M150V,Q99436,1
P28072,M150V,P28062,1
P28072,M150V,P25786,1
P28072,M150V,P28074,1
P28072,M150V,E9KL30,1
Q96T51,V277I,P20339,1
Q9NZM3,E1016V,Q15811,0
P11215,F166L,Q9NNX6,0
P11215,F166L,Q9H2X3,0
P63096,R105C,O14924,0
P63096,R105C,O43566,0
P04637,R273L,Q13625,0
P04637,R273L,P62993,0
P04637,R273L,Q96KQ4,0
P04637,R273L,Q8WUF5,0
P04637,R273L,Q06187,0
Q02388,E492K,P02751,1
P54762,R682H,P09619,1
P42338,E1051K,P27986,1
P42338,E1051K,P43403,1
P42338,E1051K,P12931,1
P42338,E1051K,Q06187,1
P42338,E1051K,P62993,1
Q9UQM7,D90N,Q9C0D5,1
Q9Y2T1,D172H,Q12834,0
P36896,D268E,Q04771,0
Q01094,Y168C,Q14188,0
Q01094,Y168C,B4DLQ9,0
P60709,R335P,Q8IZ21,0
P54646,E64D,Q96RR4,1
P54646,E64D,Q99683,1
P54646,E64D,O95382,1
P54646,E64D,O60307,1
P54646,E64D,Q13131,1
P54646,R110W,O60307,1
O60506,R192H,Q9NQ94,0
O60506,R192H,P52272,0
O60506,R192H,O43390,0
P27482,R31C,P16298,1
Q96B97,T19K,P56945,1
P33778,E72K,Q96QV6,1
P33778,E72K,P20671,1
P03372,P222S,Q92731,0
P03372,P222S,P13056,0
P03372,P222S,P37231,0
P03372,P222S,P10827,0
Q9UQQ2,R398C,P62993,0
Q9UQQ2,R398C,P12931,0
Q9UQQ2,R398C,P43403,0
P41002,E281D,P06493,1
P12757,N214S,P12755,0
P19957,A84T,Q9UNI1,1
P01112,G12C,Q12967,1
P01112,G12C,O95267,1
P01112,G12C,Q8TDF6,1
P01112,G12C,Q9UJ41,0
P01112,G12C,Q8IV61,1
P01112,G12C,O15211,1
P01112,G12C,Q9Y4G8,1
P01112,G12C,Q8IZJ4,0
P01112,G12C,Q13671,0
P01112,G12C,Q13905,0
P01112,G12C,Q9P212,1
P01112,G12C,Q13972,0
P01112,G12C,Q9NZL6,1
P01112,G12C,Q07890,0
P01112,G12C,Q07889,0
P01112,G12C,B7Z2W5,1
P01112,G12C,B7ZM61,1
P01112,G12C,G5E9C8,0
P01112,G12C,Q6PCE1,1
O14933,P45A,O60260,1
Q96DX5,S257P,Q15369,1
Q9Y2Z0,K241N,K9JA46,0
Q07889,T200A,P01112,1
Q07889,T200A,P62070,1
Q07889,T200A,O14807,1
Q07889,T200A,P10301,1
P68431,V118M,P04908,0
P68431,V118M,P62805,1
P68431,V118M,P16104,0
P68431,V118M,P0C0S8,0
P68431,V118M,O75367,0
P68431,V118M,P0C0S5,0
Q9NZM3,D787N,Q86WN1,0
Q9NZM3,D787N,Q15811,0
Q9NZM3,D787N,Q96B97,0
Q9NZM3,D787N,O75962,0
P05231,S49C,P40189,0
P05231,S49C,D6RH03,1
Q96KN2,E271K,Q96KP4,0
P84022,Q365P,Q99717,0
P84022,Q365P,B7Z5N5,0
P84022,Q365P,Q53XR6,0
P40145,M1000L,P63096,1
P40145,M1000L,P04899,1
Q04637,R888Q,P60842,1
Q04637,R888Q,Q14240,1
Q13619,C94S,Q13620,0
Q13619,C94S,Q14145,0
P62805,T74M,P84243,0
P62805,T74M,Q71DI3,0
P62805,T74M,P49450,0
P62805,T74M,Q16514,0
P62805,T74M,P68431,0
Q9UBL9,D220E,P51575,1
Q9UBL9,D220E,P56373,1
Q9Y6R1,I391V,Q9Y6M7,1
P15056,A569D,Q15349,0
P15056,A569D,Q13233,0
P15056,A569D,Q8IVT5,0
P15056,A569D,P27361,1
P15056,A569D,P10398,0
P15056,A569D,P53667,1
P15056,A569D,P04049,0
P05981,G94V,P08709,0
P05981,G94V,P14210,0
Q06141,W158C,P05451,0
A0AVT1,L719I,P61077,1
Q9UBT2,L266M,P63279,1
Q9UBT2,L266M,P63146,1
P12931,S269L,P25098,1
Q13322,P448L,Q02750,1
Q9H7P9,R285C,P60953,0
Q9H7P9,R285C,P63000,0
Q9H7P9,R285C,P61586,0
Q05655,Y525N,P46108,0
Q05655,Y525N,P27361,0
Q05655,Y525N,Q16539,0
Q05655,Y525N,P36507,0
Q05655,Y525N,Q9P0J1,1
Q8N264,T290M,P60953,0
P05771,A509V,Q9NSE2,0
P05771,A509V,P06493,1
P05129,R205Q,P07948,1
P05129,R205Q,Q8N3E9,1
P05129,R205Q,P16885,1
P05129,R205Q,P12931,1
P05129,R205Q,P46108,1
Q13233,S1434R,P51617,0
Q13233,S1434R,Q92918,0
Q13233,S1434R,Q12851,0
P07332,V625F,Q02790,0
Q9NTU7,R158H,Q6UW01,1
Q9P0L2,A223V,Q13131,0
Q9P0L2,A223V,Q7KZI7,0
Q8N680,M80K,Q9Y2K1,0
O14578,H169N,P19105,1
Q8NFM4,I924M,O95622,0
Q9BUF5,R391H,Q8WXI3,1
Q9BUF5,R391H,Q13418,0
Q9BUF5,R391H,P19838,1
Q9BUF5,R391H,Q00653,1
Q9BUF5,R391H,P68371,0
Q9BUF5,R391H,Q71U36,0
Q09472,A327V,Q99967,1
Q09472,A327V,Q99966,1
Q09472,A327V,D9ZGF1,1
P37173,E485K,P27986,1
P37173,E485K,Q13153,1
P21673,L148M,Q96F10,1
P21673,L148M,I3L0W4,1
P21673,L148M,Q6ICU9,1
P04637,R273H,Q13625,0
P04637,R273H,P62993,0
P04637,R273H,Q96KQ4,0
P04637,R273H,Q8WUF5,0
P04637,R273H,Q06187,0
P54762,S147F,O15197,1
P01106,E416K,Q99583,1
P01106,E416K,P50539,1
P01106,E416K,P61244,1
P01106,E416K,Q8TAX8,1
Q9BXB1,Q180R,O60469,1
O43791,D201H,Q05516,1
O60346,I1326V,P49841,1
O60346,I1326V,P05771,1
O60346,I1326V,Q7KZI7,1
O60346,I1326V,P31749,1
O95704,M408V,P05067,1
O95704,M408V,P51693,1
O95704,M408V,Q06481,1
O95704,M408V,B4DGD0,1
O95704,M408V,B4DJT9,1
O95704,M408V,B4E3I5,1
O95704,M408V,E9PEV0,1
O95704,M408V,E9PG40,1
P54646,G159V,Q96RR4,1
P54646,G159V,Q15831,0
P54646,G159V,Q8IYT8,1
P54646,G159V,Q99683,1
P54646,G159V,O95382,1
P54646,G159V,Q13131,1
Q17RB8,T453I,P38398,1
Q17RB8,T453I,Q9BV68,1
Q17RB8,T453I,Q9UPQ4,1
Q13077,L336V,Q9Y4K3,1
Q13077,L336V,Q12933,1
Q9UM47,D1905H,O15111,1
Q9UM47,D1905H,Q06330,0
Q9H0K1,G170D,Q13418,0
Q13951,R35P,Q01196,0
O96017,R346C,O43293,0
O96017,R346C,O15297,0
Q12756,R526W,Q9Y2X7,0
P32246,H189Y,P30411,1
Q8TD08,L245F,P24941,1
Q8WXH5,M415I,Q15369,1
Q9NVA2,R137C,Q16181,0
P01574,C38Y,P48551,0
P15529,C35G,P01024,0
P08476,W338R,P09529,0
P08476,W338R,P19883,0
P08476,W338R,P21674,0
P08476,W338R,O95633,0
P45985,S251I,Q5S007,0
P45985,S251I,P52564,0
Q9BRZ2,D17Y,Q99496,0
Q93063,D547E,Q16394,1
P36507,G83S,Q05655,1
P36507,G83S,Q02750,1
O43521,R153P,Q16548,0
O43521,R153P,Q07817,0
O43521,R153P,Q92843,0
O43521,R153P,Q07812,0
O43521,R153P,P10415,0
O43521,R153P,Q16611,1
O43521,R153P,Q07820,0
O43521,R153P,C8YZ26,0
Q9BYG5,E214K,Q8TEW0,0
Q9BYG5,E214K,Q8TEW8,0
Q9BYG5,E214K,Q8N3R9,0
Q15389,I304V,O15123,1
P17538,D236N,P01009,1
P17538,D236N,P08697,1
P17538,D236N,P05067,1
P17538,D236N,P01011,1
P04637,R273C,Q13625,0
P04637,R273C,P62993,0
P04637,R273C,Q96KQ4,0
P04637,R273C,Q8WUF5,0
P04637,R273C,Q06187,0
Q9NQ75,D8V,P46108,1
Q01543,A366T,P41212,1
Q01543,A366T,P11831,1
Q01543,A366T,P11308,1
Q9HCK4,F92C,O75094,0
Q969H0,R465C,P42345,0
O14802,T1046I,O95602,1
Q13277,Y60C,B7Z425,0
Q13277,Y60C,Q12846,0
P05107,V415I,P20701,1
Q14678,T1269M,P34947,0
O14745,R198G,Q5T2W1,0
P36871,I77M,Q96G03,1
P02549,R60Q,Q59FP5,1
Q02156,E407K,P15056,1
Q14790,A404V,P42575,0
Q14790,A404V,P49662,0
Q14790,A404V,P55211,0
Q99879,S88L,P16104,0
Q12899,D21H,P61077,0
P62714,L309R,Q9UIC8,0
P62714,L309R,P46531,1
P62714,L309R,P67775,0
P62714,L309R,Q15172,1
P62714,L309R,Q15173,1
P62714,L309R,Q14738,1
P62714,L309R,Q16537,1
P62714,L309R,Q13362,0
P62714,L309R,Q8WZ74,0
P62714,L309R,Q8WWX0,1
P62714,L309R,P60510,0
P67936,R146P,P09493,0
P67936,R146P,P07951,0
P67936,R146P,P06753,0
P67936,R146P,B7Z596,0
P67936,R146P,B7Z722,0
P67936,R146P,D9YZV4,0
P67936,R146P,D9YZV5,0
P67936,R146P,D9YZV7,0
P67936,R146P,F5H7S3,0
P67936,R146P,H7BYY1,0
P67936,R146P,Q6ZN40,0
O94813,T590M,Q9HCK4,0
O94813,T590M,Q8WZ75,0
O94813,T590M,Q9Y6N7,0
Q15139,V822L,O15264,1
Q15139,V822L,P12931,1
Q15139,V822L,P45984,0
P17947,R171L,Q01892,1
P17947,R171L,P50549,0
P17947,R171L,P19838,0
P17947,R171L,P11308,0
P07332,W726R,P10721,0
Q5HYK7,E594K,Q7Z6J0,1
Q5HYK7,E594K,Q96B97,1
P68431,E106Q,P04908,0
P68431,E106Q,P62805,0
P68431,E106Q,Q9UER7,1
P68431,E106Q,Q16777,0
P68431,E106Q,P16104,0
P68431,E106Q,P0C0S8,0
P68431,E106Q,O75367,1
P68431,E106Q,P0C0S5,0
P62807,E72Q,P16104,1
Q8IY33,L96F,P12814,0
Q8IY33,L96F,P35609,0
P27037,P308R,Q13873,0
Q08209,E363Q,P63098,1
Q08209,E363Q,E7ETZ0,1
O00635,I29M,B2R862,1
P68431,E106K,P04908,0
P68431,E106K,P62805,0
P68431,E106K,Q9UER7,1
P68431,E106K,Q16777,0
P68431,E106K,P16104,0
P68431,E106K,P0C0S8,0
P68431,E106K,O75367,0
P68431,E106K,P0C0S5,0
Q9UBF2,Q78H,P40616,1
Q9UNI1,S103N,P01011,1
Q9UNI1,S103N,P19957,1
Q00537,R307T,P29317,1
Q8NFX7,Q167H,Q16623,1
Q8IVU3,G110E,Q5GLZ8,0
Q99712,R133H,Q9NPI9,0
P32297,R110H,P30926,1
Q12905,L304I,Q12906,1
O14827,P389S,P01116,0
Q8NI35,M1436K,O95049,1
O75360,R69W,Q9UBX0,0
Q02763,R867K,Q14451,1
Q02763,R867K,Q14449,1
Q02763,R867K,P35590,1
P07384,R473C,P20810,0
P55283,S195Y,P19022,0
Q9HAV4,L638P,B4DV51,1
P27348,T71I,P31947,1
Q13131,I241M,Q8TDC3,1
Q13131,I241M,Q8IWQ3,1
Q13131,I241M,P41240,1
Q13131,I241M,P54646,1
Q13131,I241M,Q8N5S9,1
Q13131,I241M,P78362,1
Q13131,I241M,Q8IYT8,1
Q13131,I241M,O60285,1
Q13131,I241M,Q9Y2K2,1
Q13131,I241M,Q9NRH2,1
P10589,A351T,P03372,1
P10589,A351T,P41235,0
O75582,E548K,Q9UK32,0
O75582,E548K,Q15418,0
O75582,E548K,Q15759,1
O75582,E548K,O75676,1
O75582,E548K,L7RSM2,1
P08069,D300G,P04626,1
P08069,D300G,P00533,1
Q13829,R75H,Q8WZ19,1
Q9H832,E219D,O15205,1
Q15700,S269L,Q12959,0
P10398,Q412H,Q8NE63,1
Q5M7Z0,W402L,P62837,0
Q5M7Z0,W402L,Q5VVX9,0
Q16665,P805A,Q9NWT6,0
Q8TBX8,Q64H,O14986,1
Q8TBX8,Q64H,Q99755,1
Q02153,E368K,Q02108,1
Q9UGC6,S150T,P08754,1
Q9UGC6,S150T,P63096,1
Q9UGC6,S150T,Q5TZX1,1
P51813,S638L,P04626,0
P51813,S638L,P00533,0
Q15642,G543V,P07948,0
Q15642,G543V,P12931,0
O14544,S405F,Q15369,0
Q16512,R833H,Q15759,0
Q16512,R833H,P53778,0
Q16512,R833H,Q16539,0
Q16512,R833H,P61586,0
Q16512,R833H,Q9BVT0,0
O95760,D149N,Q01638,1
P16066,G680V,Q13976,1
Q96J84,L337F,O60500,1
Q9NZM3,G234W,P36873,1
O15144,D148N,P63261,1
Q99967,D254N,Q92793,1
Q99967,D254N,Q09472,1
Q99967,D254N,Q7Z6C1,1
Q02410,D754H,Q12959,0
O43424,S568F,Q16478,0
P68431,E74K,P62805,0
Q3MII6,D336E,P61019,0
P62308,G58E,P14678,0
P62308,G58E,P62306,0
Q8TBB1,K276N,Q9UPQ7,1
O95835,E957Q,Q96KQ4,1
O95835,E957Q,P06493,1
O95835,E957Q,Q13188,1
O95835,E957Q,Q96GD4,1
O95835,E957Q,O14974,1
O95835,E957Q,Q15286,1
O95835,E957Q,P63000,1
O95835,E957Q,P04049,1
O95835,E957Q,Q13043,1
P61956,D26N,Q9UBE0,0
P61956,D26N,Q9GZZ9,1
P61956,D26N,P49792,0
P61956,D26N,Q13569,0
P61956,D26N,P22314,1
Q13873,A235V,P27037,1
Q969J2,F101L,H0UIA5,0
Q969J2,F101L,P57086,0
Q969J2,F101L,Q0VAP0,0
Q969J2,F101L,Q96IT1,0
Q969J2,F101L,Q9NX65,0
Q9Y5X4,E384Q,P19793,1
Q9Y5X4,E384Q,P11473,1
Q92796,E193K,Q12959,1
O00506,I270M,P62158,0
P42081,D37N,P33681,1
P42680,I397M,Q06187,0
P42680,I397M,P51813,0
P42680,I397M,O60674,0
Q86XS8,E269Q,P61088,1
Q86XS8,E269Q,Q9H832,1
O43353,D446H,Q9Y239,1
P14927,R49K,P31930,1
Q02078,T20S,Q14814,1
Q12846,E39K,P61764,1
O14936,I823M,Q12959,0
Q5JSH3,P657A,P55735,0
P19429,K117R,P45379,1
P19429,K117R,Q15607,1
P43034,M201I,P61964,1
P43146,P330L,Q9Y6N7,0
Q5TCY1,V36M,Q6IQ55,1
O15498,G164D,Q16623,0
Q01196,G108D,Q13951,0
Q12879,G322W,Q05586,0
Q9Y297,R460T,Q9UM11,0
Q9Y297,R460T,O15169,0
Q9Y297,R460T,Q9UKB1,0
Q7LDG7,R114Q,P62834,1
Q7LDG7,R114Q,P62070,1
P04637,H179Q,Q13625,0
P04637,H179Q,Q9H9B1,0
P04637,H179Q,Q9H3D4,0
P04637,H179Q,O15350,0
P04637,H179Q,Q96KQ4,0
P04637,H179Q,Q99728,0
P04637,H179Q,O75832,0
P04637,H179Q,Q9ULT8,0
P04637,H179Q,Q96KQ7,0
P04637,H179Q,H2EHT1,0
P04637,H179Q,K7PPA8,0
Q15413,G340D,Q92736,1
Q13546,D147N,P48729,0
P30926,S403F,P30532,1
P30926,S403F,P32297,1
Q15796,F356C,P12757,0
Q15796,F356C,P12755,0
P19793,G343C,Q9Y5X4,0
P18075,V391G,Q7Z4P5,0
P61371,D207E,Q969G2,0
P61371,D207E,Q8TE12,0
P61371,D207E,Q96A47,0
P62805,D69Y,Q9UER7,0
P62805,D69Y,Q16514,0
P62805,D69Y,P06899,0
P62805,D69Y,Q16778,0
P62805,D69Y,B4E1C1,0
P62805,D69Y,Q53F85,0
Q5S007,S1954F,Q38SD2,0
Q5S007,S1954F,P24844,0
Q5S007,S1954F,Q9P0K7,1
Q5S007,S1954F,Q9NZT1,0
P18433,E264K,P28827,1
O43747,S360L,P53680,0
O43747,S360L,P61966,0
O43747,S360L,B7Z3M9,0
Q6UWE0,E674Q,P62837,0
Q6UWE0,E674Q,P61077,0
Q6UWE0,E674Q,Q96B02,1
Q6UWE0,E674Q,P51668,1
Q6UWE0,E674Q,P62256,1
P54652,D398N,Q92598,1
P62805,R36Q,Q71DI3,0
P62805,R36Q,P49450,1
P62805,R36Q,P68431,0
P08134,E142K,Q14164,1
Q05397,R597L,P60953,0
Q05397,R597L,P46108,0
Q05397,R597L,Q14451,0
Q05397,R597L,P06213,0
Q05397,R597L,P63000,0
Q05397,R597L,P41240,0
Q05397,R597L,O60674,0
Q05397,R597L,Q13546,0
Q05397,R597L,O14508,0
Q8IYU2,N690I,P68036,0
Q92569,A368V,P52735,0
Q9Y2H5,S142C,Q9HAU0,0
Q9BX67,R191H,P57087,1
P36897,F396L,Q9UIK4,0
P36897,F396L,P23443,0
P01031,A1530V,P01024,1
P28482,E81K,Q13115,1
O15520,T86I,D2CGD1,0
O15520,T86I,D3DRD5,0
Q9Y2I6,V228F,P53350,1
P51965,P164R,Q9UII4,0
P51965,P164R,Q96J02,0
P51965,P164R,Q96PU5,0
P51965,P164R,P46934,0
P51965,P164R,Q05086,0
P51965,P164R,P05161,0
P34932,E269D,Q99933,0
P62805,G43V,P04908,0
P62805,G43V,P84243,0
P62805,G43V,Q16695,0
P62805,G43V,Q71DI3,0
P62805,G43V,P49450,0
P62805,G43V,Q9UER7,0
P62805,G43V,P16104,0
P62805,G43V,P0C0S5,0
P62805,G43V,Q16777,0
P62805,G43V,P68431,0
P62805,G43V,B4E1C1,0
P62805,G43V,Q53F85,0
Q9NTU7,S74L,Q6UW01,0
P01137,N344I,P12643,0
P01137,N344I,P12645,0
O60383,C382Y,O95972,0
Q13087,S264R,P07237,1
Q96GW7,N801I,Q92752,0
Q9NPH3,N188T,P27930,1
Q9NPH3,N188T,P01584,1
Q9NPH3,N188T,P14778,1
A0AVT1,K991N,P68036,1
A0AVT1,K991N,Q9H832,1
A0AVT1,K991N,P51668,1
A0AVT1,K991N,P62837,1
A0AVT1,K991N,P61077,1
A0AVT1,K991N,P60604,1
A0AVT1,K991N,Q16763,1
P62805,N26K,P84243,0
P62805,N26K,Q16695,0
P62805,N26K,Q71DI3,0
P62805,N26K,P68431,0
Q92526,V87I,P49368,1
P01034,S139L,P07711,1
P01034,S139L,P07858,1
P01034,S139L,P25774,1
P01034,S139L,P04080,1
O15488,P162L,P46976,0
O60907,T316M,Q92828,0
Q15173,E153Q,P62714,1
Q15173,E153Q,P67775,1
Q15173,E153Q,B3KUN1,1
P04637,M246I,Q13625,0
P04637,M246I,P62993,0
Q9H1R3,R549C,Q00653,0
P01563,L32M,P48551,1
P01563,L32M,Q9BUA0,1
P62837,D29N,Q6ZSG1,1
P62837,D29N,Q9H0F5,1
Q70CQ1,E59Q,Q9H0E7,1
Q15819,S94C,Q13404,0
Q9UI47,Q652H,P35221,1
Q9BTE7,D215N,Q13619,1
Q96LD8,E57K,Q15843,1
Q96LD8,E57K,P0CG47,1
Q96LD8,E57K,O60260,1
Q13043,D167N,Q96GD4,1
Q6ZU15,C37Y,Q16181,1
P57729,V50E,O00238,1
O60307,T543M,P54646,0
P21860,G284R,P00533,1
P21860,G284R,P04626,1
P12814,T594A,P35609,1
P08519,R37Q,Q9UNI1,1
Q8N1I0,T5A,P62993,1
Q16659,K49N,P05771,0
Q16659,K49N,O14965,0
Q14195,D28N,Q9BPU6,1
Q14195,D28N,B3KT07,0
Q14195,D28N,B3KV96,0
Q14195,D28N,E9PD68,1
Q14195,D28N,Q14194,0
P14635,G298V,O96017,0
P16471,E67K,P01243,0
P16471,E67K,P01236,1
P15498,V715I,Q13094,1
P15498,V715I,P16885,1
P15498,V715I,P46108,1
P51170,R138Q,P51172,1
P40937,S313F,P35250,1
Q15661,R106M,P20231,0
Q9Y463,S115L,P42771,0
Q9Y463,S115L,Q16539,0
P07196,E385V,P12036,0
P07196,E385V,B3KVF5,0
P07196,E385V,P19012,1
Q99814,V850M,Q92793,1
Q99814,V850M,Q09472,1
O75582,P573L,Q15418,0
P35968,T384M,P98160,0
P19838,G685R,O00221,0
P19838,G685R,P49841,1
P19838,G685R,P58546,0
P19838,G685R,P25963,0
P19838,G685R,O75832,0
O75439,N402H,Q10713,1
Q9Y2C9,N677I,O60603,0
P31153,R84P,Q00266,0
Q9NS91,D71N,P49459,1
Q9NS91,D71N,Q86Y13,1
Q9NS91,D71N,P63146,1
Q9NS91,D71N,P63279,1
Q07157,T52K,Q5TCQ9,0
Q07157,T52K,P55196,0
Q07157,T52K,Q9UDY2,0
Q9Y4Z0,T46M,P62312,0
P01024,E1040Q,P08603,1
P55060,E232K,P52292,0
P55060,E232K,O00505,0
Q9BTD8,S372I,O43251,0
Q4VX76,K113R,P61026,1
Q4VX76,K113R,P51159,1
Q6ZU15,G116D,Q9UHD8,0
Q6ZU15,G116D,O43236,1
Q6ZU15,G116D,Q15019,0
Q8N3R9,N455H,Q96JB8,1
P0CG48,Q125E,P21734,0
P0CG48,Q125E,P61077,0
P0CG48,Q125E,Q99816,1
P46108,R162Q,Q8IZP0,1
P46108,R162Q,O15085,1
P46108,R162Q,Q14511,1
P46108,R162Q,P11274,1
P46108,R162Q,Q96B97,1
P46108,R162Q,P15498,1
P46108,R162Q,P00519,1
P46108,R162Q,P42684,1
P46108,R162Q,Q9ULH1,1
P46108,R162Q,P56945,1
P46108,R162Q,Q9NQ75,1
P46108,R162Q,O43281,1
P46108,R162Q,P62993,1
P46108,R162Q,P16333,1
P46108,R162Q,B0LPF3,1
Q9UNF0,W83C,Q9BY11,0
Q9UNF0,W83C,Q9UKS6,0
Q9UNF0,W83C,Q5TZC3,0
Q9UNF0,W83C,Q6FIA3,0
P21781,D63H,P22455,1
P21781,D63H,D2CGD1,0
P21781,D63H,D3DRD5,0
P42684,D227Y,P62993,0
P42684,D227Y,P08631,0
P42684,D227Y,P16333,0
P42684,D227Y,P27986,1
P42684,D227Y,P12931,1
P49190,G69E,P01270,1
Q9P0J1,F269I,Q05655,1
P16410,P137L,P42081,0
P16410,P137L,A8K632,0
Q9Y5K6,E128Q,P56945,1
Q86YT6,D968G,P51668,0
Q86YT6,D968G,P62837,0
Q86YT6,D968G,P61077,0
Q86YT6,D968G,Q9Y2X8,0
Q86YT6,D968G,Q96B02,0
Q86YT6,D968G,P61088,0
O00311,K492N,P11802,1
Q9Y2X9,H307Y,Q05516,0
Q92841,D265Y,P38919,1
P25787,W158C,P25786,0
P25787,W158C,P49721,0
P25787,W158C,P28066,0
P25787,W158C,Q8TAA3,0
P25787,W158C,O14818,0
P25787,W158C,Q7Z474,0
Q8N448,E235Q,Q9UPQ7,1
Q9NVX7,D123N,Q13618,1
Q04695,L345V,Q14CN4,1
Q04695,L345V,P08729,1
Q04695,L345V,P05787,1
Q04695,L345V,P02538,1
O14976,F88L,P51959,1
O14976,F88L,Q38SD2,0
P42263,L790F,P42262,1
Q05397,L486V,P06239,0
P53667,G523S,Q13153,0
P53667,G523S,O96013,0
P53667,G523S,P53671,0
P04637,S241C,Q13625,0
P04637,S241C,P62993,0
P04637,S241C,Q9H3D4,0
P04637,S241C,Q96KQ4,0
P04637,S241C,Q8WUF5,0
P04637,S241C,P07948,0
P04637,S241C,Q06187,0
P04637,S241C,H2EHT1,0
P04637,S241C,K7PPA8,0
Q16778,F71L,Q16777,0
Q16778,F71L,P16104,0
Q9UQB8,D436V,I3L4C2,0
Q9Y6N7,G470A,O75093,1
Q9Y6N7,G470A,O94813,0
P33981,G666E,Q16659,0
P04150,T562M,Q13133,0
P04150,T562M,P24468,1
P00519,D71N,Q96B97,0
Q9NZM3,S236L,Q15811,1
Q9NZM3,S236L,Q8IVH8,1
Q14790,T390M,P42575,1
Q14790,T390M,P49662,1
O43933,A1049G,Q13608,1
Q8IZ40,T283K,O60341,1
Q96KN2,R376H,Q96KP4,0
P19338,R597W,Q15717,1
P19338,R597W,Q15427,0
P19338,R597W,P11940,1
P19338,R597W,Q9UBK2,1
P19338,R597W,Q8WXA9,1
P19338,R597W,O75821,0
P19338,R597W,Q9BTD8,1
P19338,R597W,P23246,1
P19338,R597W,Q13148,1
P19338,R597W,B3KM80,0
P06401,C603R,P03372,0
P01374,D84N,P19438,1
P01374,D84N,P20333,1
P01282,D132V,P32241,0
P01282,D132V,P41587,0
Q16778,S88C,Q16777,0
Q16778,S88C,P16104,0
Q9UHY1,L158V,P49841,0
P62807,D52E,P16104,1
P34931,E112D,P17066,1
Q16584,D151N,P31749,1
Q16584,D151N,P49840,1
P45983,E261K,O14733,0
P45983,E261K,O15530,1
P20226,G314S,P62380,0
O43586,A382T,Q9Y5K6,1
Q969G2,K56N,P61371,1
Q14790,R413Q,P08160,0
P34932,R695L,P11021,1
Q6PIL6,E247K,Q9NZV8,1
P20810,E326K,P17655,1
P20810,E326K,P07384,1
P20810,E326K,B2RDI5,1
P20810,E326K,B4DWH5,1
P45973,E61D,Q13185,1
P45973,E61D,O43463,1
P45973,E61D,Q9H5I1,1
P45973,E61D,P83916,1
Q9Y616,E444K,Q16288,1
P0CG48,R378T,P21734,0
P0CG48,R378T,P61077,1
P0CG48,R378T,P09936,1
P0CG48,R378T,P15374,0
P07307,S192C,P07306,0
Q01130,K52N,Q8WXA9,1
Q01130,K52N,P19338,1
Q01130,K52N,Q9UBK2,1
Q9BRG2,L359F,P56945,0
Q92692,S195F,Q15223,0
Q9NPJ1,R168K,P49368,1
O14818,S150W,P28066,0
O14818,S150W,P25786,0
O14818,S150W,P28072,0
O14818,S150W,B4E0X6,0
Q7Z6Z7,R4327Q,P51668,0
Q7Z6Z7,R4327Q,P62837,0
Q7Z6Z7,R4327Q,P61077,1
P21675,P1538S,Q9Y294,0
Q15836,R49H,O43752,0
Q15836,R49H,Q9UNK0,0
Q15836,R49H,O00161,0
Q15836,R49H,A8K287,0
Q9P0L1,S673N,Q969J2,1
Q9P0L1,S673N,Q9Y5A6,1
P21860,A378P,P01133,1
P46734,D156Y,Q9Y6R4,1
P46734,D156Y,P53778,1
P38117,R164Q,P13804,0
P62807,L103P,P16104,0
Q9Y4Y9,M30I,O15116,0
Q9Y4Y9,M30I,Q9Y333,0
Q9Y4Y9,M30I,P62310,0
Q9Y4Y9,M30I,P62312,0
Q9Y4Y9,M30I,Q9UK45,0
O14920,D248Y,O75688,0
O14920,D248Y,P19838,1
P06576,E344Q,P25705,0
P01116,G12D,Q12967,1
P01116,G12D,Q7LDG7,0
P01116,G12D,O15211,1
P01116,G12D,Q8IV61,1
P01116,G12D,Q6PCE1,1
Q92625,A157V,P04626,1
Q92625,A157V,P00533,1
Q9UH03,S184F,B1AMS2,1
Q9UH03,S184F,Q14141,1
Q9UH03,S184F,Q541S4,1
Q9UH03,S184F,Q548C9,1
Q02363,I85T,Q14469,1
P29323,S889G,Q05397,1
P22612,A233D,P19838,0
Q8IWQ3,L165M,Q13131,0
P04198,F401I,Q05195,0
P04198,F401I,P61244,0
P04198,F401I,Q8TAX8,0
Q9BYX4,E773K,O00571,1
Q9UL25,L52P,Q9UJ41,0
Q9UL25,L52P,A8K3R3,0
Q9UL25,L52P,B3KMF1,0
Q9UJY1,L110F,O14558,0
O15444,Y34H,O43927,1
O15444,Y34H,O00585,1
O15444,Y34H,O15467,1
P01127,K155N,P09619,0
O43542,R220C,Q06609,0
O43542,R220C,O43502,0
O43542,R220C,O75771,0
P61204,I4M,P53367,1
Q96II8,T231I,Q15404,1
P48051,I193V,Q92806,1
Q5T4W7,V196I,O60609,0
P04259,R443Q,B3KVF5,1
Q14678,E1078K,P62136,1
Q02790,R189H,Q04771,1
Q02790,R189H,P07332,1
Q02790,R189H,O14920,1
Q02790,R189H,Q9Y572,1
Q86UR5,A65S,P20337,1
Q86UR5,A65S,Q96E17,1
Q86UR5,A65S,O95716,1
Q86UR5,A65S,P51159,1
Q86UR5,A65S,P61026,1
Q86UR5,A65S,Q9ULW5,1
Q86UR5,A65S,Q96AX2,1
Q86UR5,A65S,P20336,1
Q9Y243,A373G,P25963,1
Q9Y243,A373G,Q92569,1
Q9Y243,A373G,P27986,1
Q92736,P980H,P21817,1
P57081,K168N,Q9UBP6,0
Q969H4,T435M,O43739,0
Q969H4,T435M,Q9UIA0,1
Q13557,I304T,P35609,0
P62834,L19V,Q12967,0
P05023,E512K,P13637,1
P42262,E655K,Q13002,1
P42262,E655K,P42261,1
P42262,E655K,P42263,1
A9YTQ3,E32Q,P27540,1
Q15208,L419V,P46531,1
Q15208,L419V,Q9Y2U5,1
P81133,P219A,P27540,0
P81133,P219A,A8K6P0,0
P81133,P219A,B0AZM1,0
Q6ZN17,F45L,P67809,0
Q9BWU1,F5L,Q5T1M5,0
Q9BWU1,F5L,P24863,0
O15116,R33K,Q9Y4Y9,1
P53708,M317I,P05556,1
Q15027,S563T,P12931,1
O43791,R221H,Q05516,0
O43432,E943Q,P78344,1
Q13237,E506G,Q15746,0
O15111,E81K,P46527,1
O15111,E81K,Q9ULW0,1
Q9Y297,H381Y,Q9UKB1,1
Q9UMS4,E196Q,O60508,1
Q9P2K8,E460Q,P36897,1
O95716,E148K,P31749,1
Q9NQT4,E95K,Q15024,0
Q9NQT4,E95K,Q96B26,0
Q92888,E32Q,Q14344,1
Q9UDW1,D37N,P08574,1
Q08462,Y282N,Q08828,0
Q08462,Y282N,O60503,1
P41226,S587L,P05161,1
P02679,G50D,P02671,1
Q9NRW7,E261K,O14662,1
P13611,S3260F,P16112,0
P13611,S3260F,Q92752,0
P13611,S3260F,P14151,0
P13611,S3260F,P16109,0
Q99743,R22W,Q9HBZ2,0
Q99743,R22W,O00327,0
Q99743,R22W,Q8WYA1,0
Q8TBB1,I653T,Q8N448,0
Q8TBB1,I653T,Q9UPQ7,0
Q8TBB1,I653T,Q6ZMN7,0
Q00266,T262N,P31153,0
Q96SB4,G547V,Q9HBH9,1
Q96SB4,G547V,Q9P289,1
Q96SB4,G547V,O96017,1
P48050,T170N,P63252,0
P49760,Y430C,P31749,0
P49760,Y430C,P78362,1
P49459,R140L,P22314,0
P08514,T814A,Q92752,1
P08263,Y95D,P09210,0
P08263,Y95D,B7Z1F9,0
P07195,N250K,P00338,1
P07195,N250K,Q5U077,0
P54132,S778F,P38919,1
Q96HA7,W563C,P49841,0
Q92736,D378N,P21817,1
Q92736,D378N,Q15413,1
P12931,A374P,Q96NS5,0
P15104,Q331P,A8YXX4,0
P12429,L262F,P09525,1
P68431,K80N,P62805,0
P68431,K80N,Q9UER7,1
P19105,S28L,O14578,1
P19105,S28L,O15111,1
P19105,S28L,Q15746,1
P51532,D1568N,Q9NPI1,1
P51532,D1568N,Q9UIG0,1
P51532,D1568N,O60885,1
P51532,D1568N,Q9NSI6,1
Q05513,E421K,P23443,0
P20810,D431Y,P17655,0
P20810,D431Y,P07384,0
P20810,D431Y,B2RDI5,0
P16885,V717I,P78314,1
O00311,E452Q,P38936,1
P22888,K62N,P16473,1
Q03181,D375N,P19793,1
P04632,A238D,Q9P289,1
Q14161,S175C,Q15653,1
P31749,V4L,P62330,1
Q08462,N993K,P63096,0
Q08462,N993K,P04899,0
Q08462,N993K,P63092,0
P31371,R108Q,P21802,1
P49418,R693C,Q9NZM3,0
Q9NRD9,P268A,P07202,1
P27361,R152W,Q9Y6W6,0
P27361,R152W,Q9BY84,0
P27361,R152W,Q05923,0
P27361,R152W,Q13115,0
P27361,R152W,Q16690,0
P27361,R152W,Q16828,0
P27361,R152W,Q16829,0
P27361,R152W,Q13202,0
P27361,R152W,Q9UQM7,0
P27361,R152W,P28562,0
Q9Y2A7,A640V,Q96F07,1
Q9Y2A7,A640V,Q7L576,1
Q02388,A617S,P02751,1
P55212,P276S,O15519,0
P55212,P276S,P98170,0
P55212,P276S,Q13490,0
P55212,P276S,Q92851,0
P55212,P276S,Q14790,0
Q8WZ74,N820S,P62714,1
Q8WZ74,N820S,Q9Y6E0,1
Q8WZ74,N820S,Q9P289,1
Q8WZ74,N820S,P67775,1
Q8WZ74,N820S,O00506,1
Q16828,E25K,Q16539,0
Q16828,E25K,P45984,1
Q16828,E25K,P27361,1
P06239,M473I,Q15375,0
P50613,D239H,P11802,1
P62805,R40C,P84243,0
P62805,R40C,Q16695,0
P62805,R40C,Q71DI3,0
P62805,R40C,P49450,0
P62805,R40C,Q9UER7,0
P62805,R40C,P68431,0
P62805,R40C,B4E1C1,0
P62805,R40C,Q53F85,0
Q00535,E101Q,P53350,1
P20340,R112T,P31150,1
P20340,R112T,P24386,0
Q06481,S331C,P05067,1
P25788,E60K,P25786,1
P25788,E60K,Q8TAA3,1
P16885,I695M,P78314,1
Q06187,R525P,P06241,0
Q06187,R525P,Q02156,1
Q06187,R525P,Q9UBS0,1
Q06187,R525P,Q9H1R3,1
Q06187,R525P,P43403,1
Q06187,R525P,Q08881,0
Q06187,R525P,P08581,0
Q06187,R525P,P42680,0
Q06187,R525P,P51813,0
Q06187,R525P,O60674,0
Q06187,R525P,P06239,0
Q06187,R525P,P10721,1
Q06187,R525P,P07948,0
Q06187,R525P,P09769,0
Q06187,R525P,Q04759,1
Q06187,R525P,Q05513,1
Q06187,R525P,P12931,0
Q06187,R525P,Q15139,1
Q5JSH3,R658T,P55735,0
P04637,N247I,Q13625,0
P04637,N247I,P62993,0
P04637,N247I,Q96KQ4,0
P04637,N247I,Q8WUF5,0
P04637,N247I,P07948,0
P04637,N247I,Q06187,0
Q16695,E60K,P04908,0
Q16695,E60K,P62805,1
Q16695,E60K,Q7L7L0,0
Q16695,E60K,P16104,0
P42681,I430M,Q92569,1
P42681,I430M,P27986,1
P42681,I430M,P10721,1
Q16566,D128H,P62158,0
Q8N680,L10V,Q9Y2K1,1
Q9BX66,E794K,Q8IZP0,1
P23469,D285N,P23468,1
Q6UVW9,D162H,D3W0D1,0
O95782,D473N,O94973,0
P54753,E51Q,P52799,1
P54753,E51Q,Q15768,1
Q12967,E637K,P62834,1
Q12967,E637K,P61224,1
P49356,R32P,P49354,1
P50616,D95H,Q9UIV1,0
P01889,E113Q,P04435,1
P51813,M384I,P42680,1
P35609,R457H,P12814,0
P30511,A220V,Q8NHL6,0
P30511,A220V,Q8N423,0
O75306,A426T,O75489,0
Q8IVE3,H773L,Q86UU1,0
Q96AE4,Q333E,Q15365,1
P62834,E123K,P49815,1
P62834,E123K,Q8TDF6,1
Q9UPN9,E984K,Q86U86,0
Q9UPN9,E984K,P51531,1
Q9BTC8,R151T,Q13547,0
Q9BTC8,R151T,Q92769,0
Q70CQ2,H2156D,Q9UMX0,0
Q70CQ2,H2156D,Q9NRR5,0
Q14790,E372D,P49662,1
Q14790,E372D,P55211,1
Q14790,E372D,P31944,1
Q14790,E372D,Q13490,1
Q14790,E372D,Q9NR09,1
Q14790,E372D,P29466,1
Q14790,E372D,P42574,1
Q14790,E372D,P98170,0
P12111,V399L,P12109,1
Q13557,E237K,Q96SB4,1
Q9Y333,R63Q,P14678,0
Q9Y333,R63Q,P54105,0
Q9Y333,R63Q,O15116,1
Q9Y333,R63Q,O95777,0
Q9Y333,R63Q,A4D0W0,0
Q9BY11,R425C,Q9UKS6,0
Q9BY11,R425C,Q5TZC3,0
P00747,L611F,P00450,0
O75607,F114L,P06748,1
O75607,F114L,Q86SE8,0
Q5TCZ1,E898K,P62993,1
Q5TCZ1,E898K,P12931,1
Q5TCZ1,E898K,Q14247,1
P23469,S227F,P23468,0
O94973,L67V,P61966,1
Q9NQS7,R847Q,Q96GD4,1
Q9NQS7,R847Q,P06493,1
Q9NQS7,R847Q,O14965,1
Q13490,E347K,P55210,1
Q13490,E347K,Q14790,1
Q13490,E347K,O15392,1
Q13490,E347K,P55212,1
Q13490,E347K,O15519,1
Q13490,E347K,P42575,1
P13591,E314D,P11362,0
Q8IW41,R113I,P31152,0
Q9NRM7,E929Q,Q13625,1
P29376,S506F,P04049,1
Q9NPI9,E315Q,P78508,1
Q9NPI9,E315Q,P63252,1
P52179,M1014I,Q8WZ42,1
P61006,F33L,P47224,0
P61006,F33L,Q96QF0,0
P61006,F33L,Q53EV1,0
Q9UBT2,E31Q,Q9UBE0,1
P05129,E605K,P46108,1
P12004,E3Q,Q96QE3,1
Q13043,D167H,Q96GD4,0
P10398,K360N,Q13451,1
P10398,K360N,O43187,1
P10398,K360N,Q96KB5,0
P10398,K360N,Q15569,0
P10398,K360N,P15056,0
P10398,K360N,Q8NE63,1
P51991,R103C,O14979,0
P51991,R103C,Q14103,0
P13196,R225G,Q5JAM2,0
P27658,D690N,P25067,1
P30556,Y127C,P20309,1
P30556,Y127C,P30411,0
O75446,D149V,Q96ST3,0
P27986,G644S,Q15464,1
P27986,G644S,P29353,0
P27986,G644S,Q9UKW4,0
Q96A08,P105L,Q16777,0
Q96A08,P105L,Q96QV6,0
P62805,G103D,Q9Y294,0
O60496,S169P,Q99704,1
P61978,G460A,Q15366,1
Q96GD4,R248C,Q8WUF5,0
Q96GD4,R248C,P06493,0
Q96GD4,R248C,Q13188,0
Q96GD4,R248C,Q7KZI7,0
P62316,I115V,O14893,1
Q9UKM9,Y57H,P61326,0
Q9UJY5,I512V,Q9UJY4,1
Q9UJY5,I512V,Q9NZ52,1
Q9UJY5,I512V,Q6IC75,1
Q9UKC9,L83R,P63208,0
P07858,A279T,P01040,0
P07858,A279T,P04080,0
P07858,A279T,P01034,0
P54753,L881H,P06241,1
Q9NPI9,F77L,P78508,0
Q9NPI9,F77L,P63252,0
Q02779,A308S,P60953,1
Q02779,A308S,P63000,1
Q02779,A308S,P45984,1
Q02779,A308S,Q16539,1
Q16760,K1191M,Q86XP1,0
Q9Y566,D211Y,Q9C0D5,1
Q14511,R25H,P56945,0
Q14511,R25H,P07948,0
Q13002,E223Q,P42262,0
P01574,E82K,P17181,0
Q8IV61,S194P,P01112,0
O76064,E400G,P38398,0
P51164,M183I,P20648,0
P51812,D111G,P23508,0
P51812,D111G,P67870,0
P51812,D111G,Q15831,0
P54756,R843T,P09769,0
P54756,R843T,P08631,0
P54756,R843T,P06241,0
Q15386,G1038E,P68036,0
Q15386,G1038E,P51668,0
P00491,P139L,Q13126,0
P07315,Q27R,P43320,1
P07315,Q27R,R4UMM2,1
P09341,R42H,O43927,1
P09341,R42H,P13501,0
P09341,R42H,P02775,0
P09341,R42H,P80162,0
Q13094,V469L,Q7Z7G1,1
Q13094,V469L,P29350,1
Q13094,V469L,P29353,1
Q13094,V469L,Q9UKW4,1
Q13094,V469L,O43639,0
P25391,G2825R,P98160,0
Q12905,A40V,Q12906,1
Q86Y46,A381T,B3KVF5,0
Q86Y46,A381T,P19012,1
P16234,R822H,P10721,1
P16234,R822H,Q14449,1
P16234,R822H,P37173,1
P61970,A70V,Q9UBU9,0
P12259,L110F,P00742,1
P12259,L110F,P04070,1
Q9Y6H5,R499L,P49841,0
Q13224,R540H,P42261,0
Q92526,V333L,P49368,0
P11908,R204Q,Q14558,1
P04908,L35F,P06899,0
Q04656,S290P,O00244,0
P35348,R206H,P25100,0
P55210,S224F,Q92851,0
P13631,R341C,P10588,0
P13631,R341C,P28702,0
P13631,R341C,Q15466,0
Q9Y2D1,E260D,P49715,1
Q9Y2D1,E260D,Q15744,1
Q9Y2D1,E260D,P53567,1
P55317,H247Y,Q9Y261,0
Q9Y566,K181N,Q9C0D5,1
P61764,A136T,Q13277,0
P19474,R64Q,Q86Y13,1
P19474,R64Q,Q9HCM9,1
P19474,R64Q,Q9BZR9,1
P19474,R64Q,Q6ZNA4,1
P19474,R64Q,P14373,1
P19474,R64Q,Q9C035,1
Q8WVD3,R58H,P62837,0
Q8WVD3,R58H,P61086,1
Q8WVD3,R58H,Q96B02,1
Q8WVD3,R58H,Q9Y2X8,0
P38117,E243K,P13804,1
P01242,R90M,P10912,0
P24071,L164I,Q8IYS5,1
Q99719,R205W,O43236,1
Q99719,R205W,Q9P0V9,1
Q9Y2K6,S641I,Q9Y4E8,0
P62140,F169C,P41236,0
P28827,G947A,Q13332,0
P28827,G947A,P18433,0
P23443,L219V,Q06187,0
P23443,L219V,P07948,0
P23443,L219V,Q9HC98,0
P23443,L219V,Q15831,0
P23443,L219V,P36897,0
P23443,L219V,P37173,0
P23443,L219V,P31749,0
P23443,L219V,P68400,0
P23443,L219V,Q05513,0
P23443,L219V,P43405,0
P23443,L219V,Q92519,0
P23443,L219V,B0LPE5,0
P23443,L219V,B3KVH4,0
Q02763,M1005V,Q14451,0
Q02763,M1005V,P27986,0
P51812,R119C,P25963,0
P51812,R119C,P28482,0
P17655,I687V,P04632,1
P00533,E928V,P42684,0
P00533,E928V,Q07912,0
P00533,E928V,P51451,0
P53708,T887S,P05556,1
Q13233,N1374S,P52564,0
Q13233,C1437F,P51617,1
Q13233,C1437F,Q92918,0
Q13233,C1437F,Q12851,0
P50213,G106S,O43837,1
P24046,R165C,P28476,1
Q9HAU5,R1128Q,Q92900,1
Q6ZVD8,S1019N,P05771,1
Q9NPC7,D64Y,Q13618,0
P23469,R585Q,P23468,0
P28827,K919N,Q15262,0
P28827,K919N,Q13332,1
P19105,D66N,Q5VT25,1
P19105,D110H,P23508,0
P19105,D110H,Q15746,0
P19105,D110H,Q9Y572,0
P19105,D110H,Q5VT25,0
Q14790,S338F,P42575,1
P36956,S386T,Q12772,1
P04637,C275Y,Q9H3D4,0
P04818,Y202H,Q53Y97,0
O95259,D642N,Q8NCM2,0
P28288,D604N,Q9UBJ2,0
Q9UPM8,E182D,Q9Y587,1
P56199,R199T,P21941,1
Q8IUX4,E38K,Q9HC16,0
P60709,Q49H,P61158,0
P60709,Q49H,O15144,0
Q13951,I102M,Q01196,1
Q13951,I102M,Q13950,1
Q13951,I102M,Q13761,1
O94806,E580Q,P49840,1
Q15375,D659N,Q00535,1
P03372,E380Q,P11474,1
P06401,E833K,P03372,1
P06401,E833K,G4XH65,1
P51795,E575K,B3KRR2,1
Q16695,A92V,P62805,1
A0AVT1,R341H,P61077,0
Q08209,E282D,P48454,1
P38919,R387H,O15234,1
P31350,M315I,P23921,0
P69905,D127Y,P69892,0
P69905,D127Y,Q9NZD4,0
P69905,D127Y,P02042,0
P69905,D127Y,P02100,0
P69905,D127Y,P69891,0
Q8WXK3,S226N,Q15369,1
Q8NI35,R1320S,Q8TEW0,1
O43543,E181K,O15315,1
O43543,E181K,O75771,1
P19525,R356M,P20248,0
P19525,R356M,P05198,1
Q9Y6X6,G43V,P36873,0
Q9Y6X6,G43V,P62136,0
P51170,S47T,P51172,1
Q13107,P97H,Q08AK7,0
O43283,M233I,O14733,1
Q13177,E446K,Q13153,0
Q13177,E446K,P60953,1
Q13177,E446K,P06241,1
Q13177,E446K,P07948,0
Q13177,E446K,P63000,1
Q13177,E446K,P04049,1
Q13177,E446K,P49593,1
Q13177,E446K,Q07912,1
Q13177,E446K,Q14161,0
Q13177,E446K,P06239,0
Q13177,E446K,Q9BUB5,1
Q13177,E446K,Q15746,1
Q13177,E446K,P15153,1
Q13177,E446K,P00519,1
Q02763,N975S,P27361,0
Q3ZCM7,F394L,Q9BQE3,0
Q3ZCM7,F394L,Q9Y574,0
Q13542,D55Y,P06730,0
O94973,A538S,O95782,1
O94973,A538S,P63010,0
Q6N069,W375C,P41227,0
P17252,R252S,Q06124,0
O96017,E308Q,Q9H4B4,1
Q9UKR3,E187K,P01023,1
O60220,V64M,Q9Y5L4,1
Q08881,K242N,Q06187,1
Q08881,K242N,P06241,1
Q08881,K242N,P62993,1
Q08881,K242N,P19174,1
Q08881,K242N,P06239,1
Q08881,K242N,P12931,1
P04637,H179Y,Q13625,0
P04637,H179Y,Q9H9B1,0
P04637,H179Y,Q9H3D4,0
P04637,H179Y,O15350,0
P04637,H179Y,Q96KQ4,0
P04637,H179Y,Q99728,0
P04637,H179Y,O75832,0
P04637,H179Y,Q9ULT8,0
P04637,H179Y,Q96KQ7,0
P04637,H179Y,H2EHT1,0
P04637,H179Y,K7PPA8,0
P50990,Q13L,P40227,1
Q70CQ2,E2026G,Q9UMX0,0
Q70CQ2,E2026G,Q9NRR5,0
Q9UHC3,R63T,Q16515,0
P25786,Q60H,P25787,1
P25786,Q60H,Q8TAA3,1
P25786,Q60H,P40306,0
P25786,Q60H,P28066,0
P25786,Q60H,O14818,0
P25786,Q60H,P28072,1
P25786,Q60H,P25789,0
Q02779,F280Y,Q16539,1
Q9NZT1,T40M,P24941,1
P04637,H168P,Q13625,0
P04637,H168P,P62993,0
P04637,H168P,Q96KQ4,0
P04637,H168P,Q8WUF5,0
P04637,H168P,P07948,0
P61106,E167Q,Q14164,1
P68133,E336K,Q9Y6U3,1
P68133,E336K,P06396,1
P68133,E336K,Q562R1,0
P68133,E336K,B7Z4U6,1
P02671,D211E,P02675,1
O75348,E39A,P36543,1
O75348,E39A,Q96A05,1
P15923,R561W,Q96RJ6,0
P15923,R561W,Q02575,0
P15923,R561W,P41134,0
P15923,R561W,P17542,0
P15923,R561W,O43680,0
P15923,R561W,Q7RTS1,0
P15923,R561W,Q16509,0
P68431,P44L,Q9UER7,0
P0CG48,T617P,P15374,0
P0CG48,T617P,Q9UMX0,0
O00444,D81H,P36897,0
P55209,Y125F,Q99733,1
P08727,R358Q,P19012,1
P62993,R215Q,Q8IZP0,1
P62993,R215Q,Q12774,1
P62993,R215Q,P46108,1
P62993,R215Q,Q9H8V3,1
P62993,R215Q,Q14155,1
P62993,R215Q,P78352,1
P62993,R215Q,Q8N1I0,1
P62993,R215Q,Q5TCZ1,1
P62993,R215Q,A1X283,1
Q9UJT9,R116Q,P63208,1
P60510,Q119H,Q9Y570,0
P60510,Q119H,P78318,0
P00734,A464S,P00750,0
O15146,R572S,Q13451,0
Q07817,W24C,Q16611,1
Q9NQS3,Q88H,Q495A1,1
O14802,E978K,O95602,1
O43639,I6N,P11274,0
O43639,I6N,Q8IZP0,0
O43639,I6N,Q14185,0
O43639,I6N,Q9NZQ3,0
Q16548,Y120C,Q07812,1
Q16548,Y120C,Q16611,1
Q16548,Y120C,Q9UMX3,1
Q13620,I857V,Q86VP6,0
P42684,E235Q,P00519,1
P42684,E235Q,Q96PU5,1
P19838,S571F,Q06330,1
Q9BXW4,E24Q,Q13137,1
P68431,R73P,P62805,0
P68431,R73P,Q9UER7,0
P46531,E1903D,P67775,1
P46531,E1903D,P62714,1
P29597,T1125I,O60674,1
P29597,T1125I,O15524,1
P29597,T1125I,P23458,1
P29597,T1125I,P27986,1
P01112,G12D,Q12967,1
P01112,G12D,Q8TDF6,1
P01112,G12D,Q9UJ41,0
P01112,G12D,Q8IV61,1
P01112,G12D,O15211,1
P01112,G12D,Q9Y4G8,1
P01112,G12D,Q8IZJ4,1
P01112,G12D,Q13671,1
P01112,G12D,Q13905,1
P01112,G12D,P55196,1
P01112,G12D,Q9P212,1
P01112,G12D,Q13972,1
P01112,G12D,Q9NZL6,1
P01112,G12D,Q07890,0
P01112,G12D,Q07889,0
P01112,G12D,B7Z2W5,1
P01112,G12D,B7ZM61,1
P01112,G12D,G5E9C8,0
P01112,G12D,Q6PCE1,1
P04626,E939G,P21860,0
P04626,E939G,O60674,0
P04626,E939G,P15153,0
P04626,E939G,Q96SB4,0
P04626,E939G,Q9UJM3,0
Q9H7D7,I625V,P59768,1
Q9H7D7,I625V,P78406,1
Q9H7D7,I625V,P61964,1
Q9H7D7,I625V,B3KVK2,1
Q15386,G884R,P51668,0
P62993,L41I,Q12774,1
P62993,L41I,A1X283,1
Q53EL6,T167P,P60842,0
Q16548,M75R,Q96LC9,0
Q16548,M75R,P55957,0
Q16548,M75R,Q13794,0
Q16548,M75R,Q07812,0
Q16548,M75R,Q16611,1
Q16548,M75R,Q9UMX3,0
Q16548,M75R,A8ASI8,0
Q16548,M75R,B3KT21,0
P46663,R230Q,P25101,1
P46663,R230Q,P25105,1
P42336,H1047Y,Q13535,1
P42336,H1047Y,P27986,1
P42336,H1047Y,O00459,1
P42336,H1047Y,P43403,1
Q13049,D78E,Q13404,1
Q13049,D78E,Q9H4P4,1
Q13049,D78E,P51668,1
Q13049,D78E,P62837,1
Q13049,D78E,P61077,1
Q13049,D78E,P51965,1
Q13049,D78E,Q96LR5,1
Q13049,D78E,Q969T4,1
Q13049,D78E,Q15819,1
Q13049,D78E,P61088,1
Q13049,D78E,Q5VVX9,1
Q13049,D78E,A0M8W4,1
Q13049,D78E,B7Z306,1
P25391,R3031H,P98160,1
O14682,D131V,Q14145,1
O14682,D131V,Q96RE7,1
Q04724,R610S,Q04725,0
Q9GZT9,D315N,Q16665,0
Q9GZT9,D315N,Q9Y2N7,0
Q9GZT9,D315N,D0VY79,0
P08263,L50F,P09210,0
Q13547,V96I,O15379,1
Q9Y2J2,E244K,Q9H4G0,1
Q96LB4,D52Y,P36543,1
P04637,C176F,O15350,0
P61769,Y83F,P01889,1
P61769,Y83F,P30491,1
P61769,Y83F,P30504,1
P61769,Y83F,P01892,1
P61769,Y83F,P01891,1
P61769,Y83F,P06126,1
P61769,Y83F,P29016,1
P61769,Y83F,P15812,1
P61769,Y83F,P13747,1
P61769,Y83F,P30511,1
P61769,Y83F,P17693,1
P61769,Y83F,P30443,1
P61769,Y83F,P30460,1
P61769,Y83F,P30685,1
P61769,Y83F,P18464,1
P61769,Y83F,P30499,1
P61769,Y83F,P03989,1
P61769,Y83F,P30481,1
P61769,Y83F,O15533,1
P61769,Y83F,P55899,1
P61769,Y83F,F5H6I0,1
P61769,Y83F,A8K8M6,1
P61769,Y83F,B1PKY1,1
P61769,Y83F,B2R7U3,1
P61769,Y83F,F8W7W8,1
P61769,Y83F,P04439,1
P61769,Y83F,P30450,1
P61769,Y83F,Q53Z42,1
P61769,Y83F,Q5SPM2,1
P61769,Y83F,Q5SUL5,1
P61769,Y83F,Q6DU14,1
P61769,Y83F,Q6DU44,1
P61769,Y83F,Q95460,1
Q13332,N1629S,P23468,0
O00487,S35F,Q92905,1
O00487,S35F,P51665,0
O15144,I255M,P59998,0
Q02880,H569Y,P11388,0
Q9NR81,I301M,P62745,1
Q08722,E118Q,P78324,1
Q08722,E118Q,Q9P1W8,1
Q9HAY2,R78G,Q8WV22,0
O43283,E202K,P35968,1
P12645,W387C,P01137,0
Q13237,S651F,O76039,0
Q92973,D654H,P09651,0
Q92973,D654H,P52272,0
O60383,R359T,O95972,1
O60383,R359T,Q13873,0
O95486,E463K,O94855,1
P38646,S321L,Q9Y4L1,1
P48729,E60K,Q13153,1
P48729,E60K,Q13177,1
P68431,D107N,Q9Y294,0
P68431,D107N,Q9UER7,0
P68431,D107N,Q9NVP2,0
P68431,D107N,P49450,0
O95835,R838G,P53350,0
Q14004,S841F,Q9UM73,0
P40692,E199K,P54278,1
P40692,E199K,P54277,1
O75369,E55Q,Q13233,1
O75369,E55Q,O43318,0
O75369,E55Q,Q13308,0
O75369,E55Q,P12931,0
O75369,E55Q,Q15746,0
Q9GZZ9,R188Q,P61956,0
Q9UKE5,S112C,P28482,0
Q9UKE5,S112C,P19105,0
Q14240,R369S,Q04637,1
Q14240,R369S,O43432,1
O00238,R177K,Q13705,1
O00238,R177K,P37173,1
P22626,S70L,P09651,0
P22626,S70L,P51991,0
P22626,S70L,P98179,0
P22626,S70L,Q99729,0
P22626,S70L,Q01130,0
P31323,D290H,P31321,0
P31323,D290H,P17612,0
P31323,D290H,P22694,0
P31323,D290H,P53350,0
P31323,D290H,P48730,0
Q96RU8,E339K,Q02750,1
Q96RU8,E339K,P45985,1
Q15916,E13Q,P41182,1
Q15916,E13Q,Q96RE7,1
Q86TC9,S1047F,Q8WZ42,1
Q13418,E366K,Q9H0C8,0
O14933,E93Q,Q9ULV8,1
O14933,E93Q,Q96EQ8,1
O14933,E93Q,Q9ULK6,1
O14933,E93Q,Q9NS56,1
O14933,E93Q,P78317,1
O14933,E93Q,Q05086,1
O14933,E93Q,O43164,1
O14933,E93Q,O60260,1
O14933,E93Q,Q8N9I9,1
O14933,E93Q,Q17RB8,1
O14933,E93Q,Q9BUI6,1
O14933,E93Q,Q9H2G0,1
Q92934,M117I,Q9HD36,1
Q92934,M117I,Q07817,1
Q92934,M117I,Q92843,1
Q92934,M117I,Q16548,1
Q92934,M117I,Q07812,1
Q92934,M117I,P10415,1
Q92934,M117I,Q16611,1
Q92934,M117I,Q07820,1
Q92934,M117I,C8YZ26,1
Q15700,D117N,Q12959,0
Q15700,D117N,P78352,0
Q15700,D117N,P29475,0
Q9UHD1,E17Q,Q9Y2Z0,1
Q13490,D303Y,P55210,0
Q13490,D303Y,P55212,0
Q13490,D303Y,P42575,1
Q13490,D303Y,P55211,0
O14757,D8N,Q9UKI8,1
O14757,D8N,Q9NRM7,1
O14757,D8N,P31749,1
P13647,E385K,P02533,1
P13647,E385K,P05783,0
P13647,E385K,B3KVF5,1
P13647,E385K,O76015,1
P13647,E385K,P19012,1
P13647,E385K,Q15323,1
P78371,E301K,Q92526,1
P0CG48,S361C,A8K3R3,0
Q6N069,R442T,P41227,1
Q6SJ96,G260E,P62380,0
Q9NPA2,S345F,P08253,0
Q93009,R408K,P62987,0
Q93009,R408K,P0CG47,0
Q93009,R408K,O15205,0
Q9UL54,D114Y,Q7L7X3,1
P20702,H220N,Q9NNX6,1
P20702,H220N,P06734,1
Q9NPI1,G228R,Q09472,0
Q14161,V117I,Q9Y2X7,0
Q14161,V117I,O75914,1
O75582,M295I,Q9NYL2,1
O15534,D374H,Q16665,1
P62829,E99Q,P83731,0
P08727,D355N,P19012,1
P08727,D355N,P04259,1
P08727,D355N,B3KVF5,1
P08727,D355N,P35908,1
Q96H20,E57D,Q86VN1,1
Q00526,R157H,P24864,1
Q00526,R157H,P24941,1
Q00526,R157H,Q00535,0
Q00526,R157H,P20248,0
Q00526,R157H,Q15078,0
Q00526,R157H,Q13188,0
Q9NYG5,E21Q,Q9UJX6,1
P19022,R187T,P55287,1
P19022,R187T,P55283,0
O75792,F230L,Q8TDP1,0
P53539,E198Q,P17275,1
P53539,E198Q,P17535,1
Q9H1E5,P62L,Q9H3N1,0
Q9H1E5,P62L,Q9Y320,1
Q9H1E5,P62L,Q96JJ7,0
Q07817,E98K,O43521,1
Q07817,E98K,Q16611,1
Q07817,E98K,Q07812,1
O75791,K48N,P19174,1
P51817,D282N,P08069,0
O00571,L559I,P61326,1
P26038,R503C,P15311,1
P24386,I247M,P51149,0
P55795,P144L,P31943,0
P35548,S168F,Q07687,0
P35548,S168F,P56178,0
Q96GD4,I128T,P36897,0
Q96GD4,I128T,Q9ULW0,0
P17509,R148Q,P55347,1
Q9BZL6,K668N,Q15746,0
P41235,I62M,P35222,0
Q9UMW8,I261M,Q3LFD5,1
O96017,L396V,O43293,1
O96017,L396V,Q9H4B4,1
O96017,L396V,Q96SB4,1
O96017,L396V,O15297,1
P29400,S1610L,Q14031,0
Q9UPE1,S335F,Q96SB4,1
Q9UPE1,S335F,Q13523,1
P49759,S423R,Q96SB4,1
P49759,S423I,Q96SB4,1
P13637,E522K,P05023,1
P13637,E522K,P50993,1
P13637,E522K,Q13733,1
P20749,V155F,P06239,1
P46663,L206S,P30411,1
P46663,L206S,P25101,1
P46663,L206S,P30968,1
P46663,L206S,P25105,1
P59768,P53A,Q9HAV0,0
P59768,P53A,P62873,0
P59768,P53A,Q9H7D7,1
P59768,P53A,P63244,1
P59768,P53A,P62879,0
P59768,P53A,P16520,1
P59768,P53A,O14775,1
O60285,F208C,O14974,1
O60285,F208C,P53350,1
O60285,F208C,Q9BZL4,1
Q9H6Z4,V419L,P62826,1
P84077,A137T,P61204,0
Q96KN2,T361I,Q96KP4,1
P43686,P324S,P35998,0
P62491,L11F,Q9ULV0,0
P62491,L11F,Q7Z7A5,1
P62491,L11F,Q9H6Y6,0
Q14318,V152I,Q16539,1
P08237,V456A,Q01813,0
P08237,V456A,P17858,0
Q969T4,P175L,Q96PU5,0
Q969T4,P175L,Q9UII4,0
Q969T4,P175L,Q7Z6Z7,0
Q969T4,P175L,O95071,0
Q969T4,P175L,P22314,0
Q9H4P4,P32S,Q8N448,1
Q9H4P4,P32S,Q9BYE7,1
Q9H4P4,P32S,Q13049,1
Q9H4P4,P32S,Q86UV6,1
Q9H4P4,P32S,Q9BZR9,1
Q9H4P4,P32S,Q96A37,1
O00522,R382T,Q9HBA0,0
O00522,R382T,P62834,0
Q92793,I2101M,Q15788,1
Q92793,I2101M,Q9Y6Q9,1
Q92793,I2101M,Q15596,1
Q92793,I2101M,Q59EE8,1
P68400,K76N,P11802,0
Q96DI7,G42E,Q9BQ67,1
P54764,R728C,P06241,0
Q9P1U1,A47G,P59998,1
Q9P1U1,A47G,O15144,1
Q9Y3R0,D659H,Q9NRD5,0
P38398,E9Q,P61088,1
P38398,E9Q,E9PFC7,1
Q06141,R166T,P02751,1
P35869,R40T,P27540,0
P35869,R40T,Q53F30,1
Q9UQC2,G117D,P31749,0
Q9UQC2,G117D,Q13480,0
P46663,F105L,P25103,1
Q15697,L67V,P17028,0
P51813,I374V,P42680,1
P51813,I374V,P12931,1
Q13310,E308K,Q15717,0
Q13310,E308K,P09651,0
Q13310,E308K,Q8WXA9,0
Q00872,C1119S,Q8WZ42,0
P01112,F90C,P55196,0
P23409,R104S,Q02535,0
P32243,D64H,Q8NFW5,0
P32243,D64H,P48742,0
P01861,P54L,P01834,0
O43463,V45F,P83916,0
O43463,V45F,O00257,0
Q9C040,Y50C,P61077,0
Q9C040,Y50C,P51965,0
Q9C040,Y50C,P62256,0
Q9C040,Y50C,P51668,0
Q9C040,Y50C,P62837,0
Q9C040,Y50C,Q9Y2X8,0
Q9C040,Y50C,Q96LR5,0
Q9C040,Y50C,Q969T4,0
Q9C040,Y50C,Q5VVX9,0
Q9C040,Y50C,Q96B02,0
Q9BQ67,L183F,Q96DI7,1
Q9BQ67,L183F,Q86VZ2,1
Q9BQ67,L183F,P61964,1
Q9BQ67,L183F,Q8NHY2,1
Q9BQ67,L183F,Q9H7D7,1
Q99558,R408T,P25963,1
Q99558,R408T,P41279,1
Q99558,R408T,P62158,1
Q99558,R408T,O15111,1
Q99558,R408T,O14920,1
Q99558,R408T,O43318,1
P54646,E217D,Q96RR4,1
P54646,E217D,Q8WY54,1
P54646,E217D,Q15831,1
P54646,E217D,Q8IYT8,1
P54646,E217D,Q99683,1
P54646,E217D,Q13131,1
P54646,E217D,O75385,1
Q9Y2X3,R278L,O00567,0
P48051,I80F,P48549,1
Q15768,T114A,P54764,0
Q15768,T114A,P54753,0
Q15303,P920R,Q92625,0
Q15303,P920R,Q7Z6G8,0
P46531,T887I,P78504,0
Q96RT1,D1351N,Q00013,0
Q96RT1,D1351N,P78352,0
O43390,G189R,Q14103,1
O60684,R43Q,Q14974,1
Q96S53,M105I,Q13451,0
O75306,R463W,O75489,0
Q969G2,K56T,P61371,0
O43752,E195K,O75379,1
O43752,E195K,Q9BV40,1
O43752,E195K,Q15836,1
O43752,E195K,P51809,1
Q99496,R43Q,Q3KNV8,1
Q99496,R43Q,Q9Y2X8,1
Q99496,R43Q,Q969T4,1
Q99496,R43Q,Q13404,1
Q99496,R43Q,Q15819,1
Q99496,R43Q,Q9BRZ2,1
Q99496,R43Q,P51668,1
Q99496,R43Q,P62837,1
Q99496,R43Q,P61077,1
Q99496,R43Q,P51965,1
Q99496,R43Q,Q96LR5,1
Q99496,R43Q,P62256,1
Q99496,R43Q,Q5VVX9,1
Q99496,R98I,Q99942,0
Q99496,R98I,Q9Y508,0
Q99496,R98I,Q96T88,0
Q92736,A26T,Q15413,1
P61026,R70Q,Q86UR5,1
P61026,R70Q,Q9BV36,1
P61026,R70Q,Q4VX76,1
P55084,R174C,P40939,1
O95602,F598L,Q9H9Y6,0
Q99743,E246K,O00327,1
P61587,E176K,Q13464,0
Q96NW7,S1507R,P78352,1
P22694,L173I,Q00535,0
Q9C0D5,A1087T,O14936,1
Q9C0D5,A1087T,Q9UQM7,0
Q13439,E2174K,P61212,1
Q13439,E2174K,P40616,1
Q13439,E2174K,P36405,1
Q13439,E2174K,B4DZG7,1
P30556,R167Q,P20309,1
Q8TBB1,R419Q,Q9UPQ7,1
Q8TBB1,R419Q,Q6ZMN7,1
O14830,E350K,E7ETZ0,1
P61077,L103I,Q86XS8,0
P61077,L103I,Q9ULK6,1
P61077,L103I,Q9H6Y7,0
P61077,L103I,Q9Y3C5,0
P61077,L103I,O43567,1
P61077,L103I,Q86TM6,0
P61077,L103I,Q6ZNA4,1
P20248,M189I,P06493,1
P20248,M189I,Q00535,1
P20248,M189I,Q13627,1
P20248,M189I,P19525,1
P20248,M189I,P24941,1
P20248,M189I,Q00526,1
P20248,M189I,P11802,1
P20248,M189I,P50613,1
P20248,M189I,P53350,1
P20248,M189I,Q00534,1
P20248,M189I,P12931,1
P20248,M189I,Q9Y463,1
P20248,M189I,B4DDL9,1
P20248,M189I,E7ESI2,0
P36406,R549Q,P55040,1
P36406,R549Q,Q64LD2,1
P36406,R549Q,Q86Y33,1
P34932,R265Q,Q99933,0
P34932,R265Q,P11021,0
P34932,R265Q,Q8TAA5,1
P34932,R265Q,Q92598,0
P34932,R265Q,P11142,0
P09619,D776N,P54762,1
P09619,D776N,P16234,1
P09619,D776N,P06241,1
P09619,D776N,P12931,1
Q08881,F30L,Q06187,0
Q9HAZ1,S254I,Q96SB4,1
P62807,E72K,P16104,1
Q9Y5K6,E312K,P00519,1
Q9P2D0,D116Y,P05771,0
Q9P2D0,D116Y,P62136,0
Q9P2D0,D116Y,P17252,0
O95835,N999D,O14974,0
Q16623,R41Q,P61764,1
Q16623,R41Q,Q15833,0
O00522,R426I,Q9HBA0,1
O00522,R426I,P53355,1
O00238,K489N,Q13873,0
P03951,R522K,P14210,1
Q86YM7,R10Q,Q9NSC5,1
Q86YM7,R10Q,B2RA10,0
O75367,E112K,P84233,1
O75367,E112K,P49450,1
O75367,E112K,P84243,1
O75367,E112K,P68433,1
O75367,E112K,P68431,1
P62807,Y122H,P16104,0
Q16611,Q29H,Q16548,1
Q16611,Q29H,Q07817,1
Q9HCE7,A561T,P61081,1
Q9HCE7,A561T,P61077,1
Q9HCE7,A561T,P68036,1
P47755,F168L,P47756,0
P21709,R791S,Q9UM73,0
P21709,R791S,P08631,0
P21709,R791S,P06241,0
Q9NZQ7,R198I,P33681,1
Q02763,K646N,P08575,1
P53355,R310C,O14950,1
P53355,R310C,Q9Y572,0
P53355,R310C,O75340,0
P53355,R310C,Q5S007,1
P53355,R310C,E7ETZ0,0
P43405,Y28D,P46109,0
P43405,Y28D,P02751,0
P43405,Y28D,Q06187,1
P43405,Y28D,P09769,0
P43405,Y28D,P06241,0
P24821,A738V,P02751,1
P61106,E54K,Q6XUX3,1
P61106,E54K,Q14164,1
P61106,E54K,O43747,1
P35226,R45C,P61077,0
P35226,R45C,P63279,0
P51668,K128T,Q7Z6Z7,0
P51668,K128T,Q9HAU4,0
P51668,K128T,Q05086,1
P51668,K128T,Q9UII4,1
O15111,R253W,Q96SB4,1
P30048,D202N,Q13162,0
Q9UPX8,E287K,P78352,1
Q9UPX8,E287K,B7Z647,1
Q9UPX8,E287K,B9EGL1,1
P14416,R104M,A8K1F6,0
P14416,R104M,B3KVQ4,1
Q96A72,S108Y,Q9Y5S9,0
Q96A72,S108Y,Q13838,1
Q5S007,A1490V,Q38SD2,1
Q5S007,A1490V,O00410,1
P13349,R125M,P41134,0
P13349,R125M,Q02363,0
P13349,R125M,P15923,0
P01031,T1506I,P01024,1
P09914,M299I,Q13325,1
P09914,M299I,Q5T764,1
P09914,M299I,Q5T765,1
P26367,R231I,Q99626,0
P26367,R231I,Q05925,0
Q7LDG7,D369Y,P01111,0
P22736,R316Q,P04150,0
Q9Y478,R201W,O43318,1
Q9Y478,R201W,Q15831,1
Q9NRM7,D800Y,O96017,0
Q9Y6E0,E75D,O75909,1
P30411,T244M,P25101,0
P30411,T244M,P25105,1
Q9NVI1,S577F,Q9BXW9,1
Q92793,R1169C,Q09472,0
Q92793,R1169C,Q92831,0
Q92793,R1169C,P51531,0
Q92793,R1169C,P51532,0
Q92793,R1169C,Q92830,0
Q8NER1,R212K,P00533,1
P07359,N32K,P14770,0
P04626,T306M,P00533,0
Q9H832,R153W,A0AVT1,0
P23443,R95W,P67870,0
P23443,R95W,N0E4C7,0
Q12798,R34W,P17612,1
P28827,D531Y,Q13332,0
Q9UIV8,E199D,P24158,1
Q9UIV8,E199D,P08246,0
Q96KP4,E320K,Q96KN2,0
Q99961,K76N,Q99962,0
Q99961,K76N,Q7Z376,0
Q99961,K76N,Q8IZ09,0
Q14145,D165N,Q13616,1
Q14145,D165N,Q13618,1
P31944,K153E,Q92851,1
P31944,K153E,P29466,1
P31944,K153E,Q14790,1
P31944,K153E,P42575,1
P31944,K153E,P49662,1
Q9UBT2,R176C,P63279,0
Q9UBT2,R176C,P63146,0
P43686,E189K,P55072,1
Q9HA65,D413N,P62820,1
Q9HA65,D413N,P61006,1
Q9HA65,D413N,P61020,1
Q9HA65,D413N,P51148,1
P01034,F89L,P07858,1
P01034,F89L,P25774,1
P01034,F89L,P04080,0
P41134,L95F,Q99081,0
P41134,L95F,P13349,0
P41134,L95F,P15172,0
P41134,L95F,Q14469,0
P41134,L95F,P15884,0
P41134,L95F,P23409,0
P41134,L95F,P15173,0
P41134,L95F,P15923,0
P41134,L95F,B3KVA4,0
P41134,L95F,H3BTP3,0
P41134,L95F,Q2TB39,0
Q9H1R3,S588L,P27482,0
Q9H1R3,S588L,P62158,0
Q9H6Q3,R163H,P43403,1
Q15811,S1003L,P49418,1
Q15811,S1003L,O94868,1
Q15811,S1003L,Q99962,1
Q15811,S1003L,Q9NZM3,1
Q6N069,L141I,P41227,1
Q16665,E560D,Q96KS0,1
Q16665,E560D,Q9GZT9,1
Q16665,E560D,Q9H6Z9,1
O75582,R441Q,P67870,0
O75582,R441Q,Q15759,0
O75582,R441Q,L7RSM2,1
P51170,R440Q,P51172,1
P51170,R440Q,P51168,1
Q9BRX5,R147C,Q9Y248,0
O75916,E327D,P09471,0
O75916,E327D,P11488,0
Q9NZ52,H81N,O14964,0
Q15080,R105Q,P14598,0
Q9HC16,F126C,Q8IUX4,0
O00571,S293Y,Q14240,0
O00571,S293Y,P38919,1
O00571,S293Y,P60842,0
P22314,E951K,P63279,1
P22314,E951K,P61088,1
P22314,E951K,P62837,1
P22314,E951K,P61077,1
P22314,E951K,P51965,1
P22314,E951K,Q96LR5,1
P22314,E951K,Q969T4,1
P22314,E951K,P62253,1
P22314,E951K,P60604,1
P22314,E951K,Q8N2K1,1
P22314,E951K,P68036,1
P98177,E119D,P55316,1
Q9UK32,R119W,O75676,1
Q9UK32,R119W,O75582,1
Q9H4D5,F335L,Q9UKK6,1
Q9H4D5,F335L,Q9NPJ8,1
P51809,L4I,O14617,1
O00311,L385F,Q9UPZ9,1
Q9UBF8,F726L,P27986,0
Q9UBF8,F726L,O00459,0
Q9UBF8,F726L,P19174,0
Q9UBF8,F726L,Q92569,0
Q9UBF8,F726L,P16885,0
Q92736,S333F,Q15413,1
Q96A05,E41Q,O75348,1
P62158,F13L,P35609,0
P62158,F13L,O00555,0
P62158,F13L,Q13936,0
P62158,F13L,P16591,0
P62158,F13L,P17612,0
P61586,G17A,Q12802,1
Q8IXQ6,H230D,Q460N5,1
Q9P2G9,E109Q,Q13618,1
P13569,K611N,O15439,1
Q9UDY2,E58Q,Q14160,1
Q9HC98,L236V,P23443,0
Q15633,E54K,O75569,1
Q15633,E54K,P55265,1
Q15633,E54K,B4DJC7,1
O14910,E169D,Q12959,0
O14910,E169D,O14936,1
O14910,E169D,P78352,0
O14910,E169D,Q8NI35,1
P49427,E35K,Q9UBF6,1
P49427,E35K,P22314,1
P53673,P155S,P53674,0
P53673,P155S,P43320,0
O14936,R639Q,Q12959,1
Q06609,F86L,Q14565,1
Q06609,F86L,O43542,1
Q06609,F86L,O75771,0
P04637,R280T,Q13625,0
P04637,R280T,P62993,0
P04637,R280T,Q96KQ4,0
P04637,R280T,Q8WUF5,0
P04637,R280T,Q06187,0
Q14344,E229K,Q9NZN5,0
Q14344,E229K,Q92888,0
Q14344,E229K,O15492,0
P52333,D519N,Q02750,1
Q38SD2,W739C,Q5S007,0
Q96P09,K67E,P55211,1
Q9NPJ8,Q84E,Q9UBU9,1
Q9NPJ8,Q84E,Q9H4D5,1
Q9NPJ8,Q84E,Q9GZY0,1
Q13951,Q74K,Q01196,1
P13349,R95H,Q02363,1
P13349,R95H,P15923,0
P54756,V89M,O43921,1
P54756,V89M,P52797,1
P54756,V89M,P52798,1
Q9BY11,R389H,Q9ULH1,0
Q9BY11,R389H,Q6FIA3,0
Q13043,R470W,Q13188,0
Q9UKR3,R58Q,P01009,1
Q9UKR3,R58Q,P08697,1
Q9BPU6,R231C,Q16555,0
Q9BPU6,R231C,O14531,0
Q9BPU6,R231C,Q59GB4,0
Q15746,N213H,Q13555,1
Q9H009,T92I,Q96K17,0
Q9H009,T92I,P20290,0
Q9H009,T92I,Q13765,0
P21860,D297Y,P00533,0
Q9UK55,M268I,P00742,0
P08069,A1120T,P51817,0
Q9UK80,C437W,P05161,0
Q9UK80,C437W,Q93009,0
P42680,M373L,Q06187,1
P42680,M373L,P51813,1
P42680,M373L,O60674,1
Q13131,R73C,Q9Y478,0
Q13131,R73C,Q14318,0
Q13131,R73C,Q9Y376,0
Q13131,R73C,O43318,0
Q13347,R77S,P62330,1
P42345,E2369Q,P78527,1
P35251,R824Q,P35249,1
P62805,G42D,P04908,0
P62805,G42D,P84243,0
P62805,G42D,Q16695,0
P62805,G42D,Q71DI3,0
P62805,G42D,P49450,0
P62805,G42D,Q9UER7,0
P62805,G42D,P0C0S5,0
P62805,G42D,Q16777,0
P62805,G42D,P68431,0
P62805,G42D,B4E1C1,0
P62805,G42D,Q53F85,0
P31942,E30K,P31943,1
P31942,E30K,P52597,1
Q86UR5,S182R,Q96AX2,1
Q9H9B1,V1046M,Q96KQ7,1
P20671,A54S,P33778,0
O94989,F504Y,Q14847,0
P04637,R273P,Q13625,0
P04637,R273P,P62993,0
P04637,R273P,Q96KQ4,0
P04637,R273P,Q8WUF5,0
P04637,R273P,Q06187,0
P10586,T831M,P23468,1
P35249,G68A,P35250,0
P35249,G68A,P35251,1
Q7L804,A7P,Q15811,1
Q16288,T369N,P23560,0
Q16288,T369N,P20783,1
Q8TAA3,H17Q,P25786,0
Q8TAA3,H17Q,P25788,0
Q8TAA3,H17Q,P28066,0
Q8TAA3,H17Q,O14818,0
Q9BUJ2,N451T,B7Z4B8,0
P29274,A15S,P22888,1
P08476,R379W,A4D1W7,0
P29274,R293P,P22888,1
P54762,A39V,P20827,1
Q99986,A9T,P78362,1
Q96QK1,L583V,Q9UBQ0,0
Q96QK1,L583V,F8VXU5,0
Q9Y5A6,L88V,P57086,1
Q9Y5A6,L88V,P17028,1
Q9Y5A6,L88V,Q0VAP0,1
Q9Y5A6,L88V,Q96IT1,1
Q9Y5A6,L88V,Q9NWS9,1
Q9Y5A6,L88V,Q9P0L1,1
O75351,Q357P,Q9UN37,0
Q9Y2A7,D777G,Q96F07,0
Q9Y2A7,D777G,Q7L576,0
P33981,D608H,Q16659,0
P17787,E182Q,Q15822,1
P54756,M911I,Q00535,1
P68431,V72A,Q9UER7,0
P62244,M42I,P62081,0
P38919,Q279E,Q9HCG8,0
O43187,A206V,Q9Y616,0
P62873,R52Q,P29992,1
Q9UPN3,R157H,Q92823,1
P01111,D57A,P55196,0
P01111,D57A,Q7LDG7,1
P01111,D57A,Q9P212,0
P01111,D57A,O15211,0
Q08209,T422M,P48454,1
P54253,V633I,P0C7T5,1
P48307,G128S,P03951,0
P48307,G128S,P03952,0
P48307,G128S,P00747,0
P00750,R339Q,P00742,1
P00750,R339Q,P05155,1
P00750,R339Q,P05154,1
P00750,R339Q,Q99574,1
P00750,R339Q,P00747,1
P00750,R339Q,P00734,1
O43684,R183H,Q12834,1
P25098,R173W,P35626,1
Q14533,E402K,P19012,1
Q14533,E402K,B3KVF5,1
Q14533,E402K,O76015,1
Q14533,E402K,Q6A162,1
Q14533,E402K,Q15323,0
Q14155,F441L,P20339,0
Q14155,F441L,P63000,0
P00742,S374P,P00750,0
Q15744,R249H,P18848,1
Q15744,R249H,P49716,1
Q15744,R249H,Q9Y2D1,1
Q15744,R249H,P49715,0
Q15744,R249H,P53567,1
Q15744,R249H,Q96AQ3,0
Q9Y5J7,M59T,P62072,0
O95848,R72C,B3KXY7,0
O94810,G256D,O14775,1
Q13472,E254D,Q9H9A7,1
P04626,V797A,Q92625,0
P04626,V797A,P23458,0
Q14576,R150H,Q12926,0
Q9Y566,N379K,Q15349,1
Q9Y566,N379K,P51812,1
Q8TDN1,R192C,Q92953,1
Q8TDN1,R192C,Q9H3M0,1
Q8TDN1,R192C,Q14721,1
Q13177,L140P,P48729,1
Q13177,L140P,Q13153,0
Q13177,L140P,P06241,1
Q13177,L140P,P07948,1
Q13177,L140P,Q9BUB5,1
Q13177,L140P,P04049,1
Q13177,L140P,Q07912,1
Q13177,L140P,P06239,1
Q13177,L140P,P53667,1
Q13177,L140P,Q15746,1
Q13177,L140P,P00519,1
O14733,R382H,O43318,1
O95396,A205D,O15205,0
Q99719,A78D,Q15019,0
O60346,D1273N,Q6ZVD8,0
P68431,R132C,Q9Y294,0
P68431,R132C,Q9UER7,0
P68431,R132C,Q9NVP2,0
P68431,R132C,P49450,0
O95259,E633Q,Q8NCM2,1
Q7L804,L82V,Q15811,1
Q7L804,L82V,Q3I768,1
O00571,D441H,Q04637,0
O00571,D441H,P61326,0
O15539,D165N,P08754,0
O15539,D165N,P09471,1
O15539,D165N,P50148,1
Q01196,N112S,Q13951,0
Q7Z406,R520C,P35579,0
P54646,G210D,Q96RR4,1
O00482,Y489C,B4DGU4,0
O00482,Y489C,P35222,0
Q14164,R162Q,P42771,1
Q14164,R162Q,P25963,1
Q14164,R162Q,Q13153,1
P14543,P1000S,P25391,0
P20309,T126M,P25101,1
P61587,L90I,O43157,1
P61587,L90I,O94827,1
P61587,L90I,Q13017,1
P61587,L90I,Q13464,1
P61587,L90I,Q9NRY4,1
A9YTQ3,V75A,P27540,1
Q9NU19,M467V,P36406,1
Q01813,R637G,P17858,0
Q16531,R655C,Q09028,0
Q9BR76,R70H,Q9ULV4,1
Q96B26,A45T,Q5RKV6,0
Q96B26,A45T,Q9NPD3,0
P00742,R287M,P00734,0
Q15835,V139M,P62158,1
Q9Y296,K108M,Q5T215,0
Q9Y296,K108M,O43617,0
P62324,D107N,Q9UFF9,0
P62324,D107N,Q9UIV1,0
P62324,D107N,B0AZS3,0
P62324,D107N,B7Z8R1,0
P27694,R604Q,P35244,1
P27694,R604Q,A4D105,1
O75582,K296N,Q15418,1
O75582,K296N,O75676,1
O75582,K296N,Q16539,0
O75582,K296N,Q9UK32,1
O75582,K296N,Q15759,0
O75582,K296N,Q9NYL2,1
O75582,K296N,B4E0K5,1
O75582,K296N,L7RSM2,0
O75582,K296N,D4Q8H0,1
P07332,R720I,P23458,0
P07332,R720I,O60674,0
P51168,L535R,P37088,1
P52292,R366H,Q9UJU2,1
Q9UBE0,A304V,Q9UBT2,0
Q9UBE0,A304V,B3KWB9,1
Q8IYD1,I427T,P15170,1
Q16778,E114K,Q16777,1
Q16778,E114K,P16104,1
P04070,M406V,P12259,0
Q7L576,E662D,Q9Y2A7,1
Q9BZM4,Q100H,P26718,1
P00352,S501L,P05091,0
P50616,S100Y,Q9UIV1,0
P56199,G949A,P05556,1
P68431,F79L,P62805,0
Q8WWN8,Q609H,Q9ULH1,1
Q9H7D7,G477A,P59768,0
P62805,I27F,P84243,0
P62805,I27F,Q16695,0
P62805,I27F,Q71DI3,0
P62805,I27F,P49450,0
P62805,I27F,P68431,0
P49356,G244E,P49354,0
Q86YT6,R860S,Q96AX9,1
P51168,S464F,P37088,1
P51168,S464F,P51170,1
P55795,D146N,P31943,1
