Mutation Effect Label,Affected Protein AC,Mutation,Interaction Participant
0,A0A0C4DFT7,E24G,O43765
0,A0A0C4DFT7,E24G,Q14145
1,A0A0C4DFT7,E24G,O43889
0,A0A0C4DFT7,R50W,O43765
0,A0A0C4DFT7,R50W,Q14145
1,A0A0C4DFT7,R50W,O43889
0,A6NFY7,G57R,P21912
0,A6NFY7,G57R,Q9H1K1
0,A6NFY7,G57R,P38646
0,O00214,P194T,P36406
1,O00214,P194T,Q13137
1,O00214,P194T,Q86VP1
1,O14525,D476A,Q16236
1,O14525,E478A,Q16236
0,O14653,G144W,Q96FA3
0,O14653,G144W,Q9BVX2
0,O14653,G144W,P31937
0,O14653,G144W,Q9H400
0,O14653,G144W,Q9GZY8
0,O14653,G144W,Q7Z5B4
0,O14653,G144W,Q3SXY8
1,O14653,G144W,Q86VR2
1,O14653,G144W,Q8N6L0
1,O14653,G144W,Q5SR56
1,O14653,G144W,Q6ZMZ0
1,O14653,G144W,Q9Y5U9
1,O14653,G144W,P49447
1,O14653,G144W,Q3KNW5
1,O14653,G144W,Q96MV1
1,O14653,G144W,Q8TDT2
1,O14653,G144W,Q96BA8
1,O14653,G144W,Q8TBP5
1,O14653,G144W,Q53FP2
1,O14653,G144W,Q9NYP7
1,O14653,G144W,Q16623
1,O14653,G144W,Q13520
1,O14653,G144W,Q5JX71
1,O14653,G144W,Q8N5M9
1,O14653,G144W,Q8TED1
1,O14653,G144W,A8MZ59
1,O14653,G144W,Q96DZ7
1,O14653,G144W,Q12846
1,O14653,G144W,P62952
1,O14653,G144W,Q6UW68
1,O14653,G144W,Q53TN4
1,O14653,G144W,Q8N4V1
1,O14653,G144W,Q9GZR5
1,O14653,G144W,Q7Z5P4
1,O14653,G144W,Q969F0
1,O14653,G144W,Q9NPE6
1,O14653,G144W,Q15125
1,O14653,G144W,Q14973
0,O14777,A605P,P18848
0,O14777,A605P,Q15025
1,O14777,A605P,P40222
1,O14777,A605P,Q9Y2J4
1,O14777,A605P,Q9Y3C0
1,O14931,N121Q,P46379
0,O14931,N42Q,Q68D85
1,O14931,N42Q,P46379
0,O14931,N68Q,Q68D85
1,O14931,N68Q,P46379
0,O15344,D84N,Q13895
1,O15344,D84N,P50221
1,O15344,D84N,Q96LR5
1,O15344,D84N,Q08426
1,O15344,D84N,P61077
0,O43186,A158T,P24863
1,O43186,A158T,O43741
1,O43186,A158T,P35219
1,O43186,A158T,Q01974
1,O43186,A158T,P35711
0,O43395,A489D,Q8IXK0
0,O43395,A489D,O43242
0,O43395,A489D,Q9HCM9
1,O43395,A489D,Q9UJV3
1,O43395,A489D,Q96D09
1,O43395,A489D,Q8IZU0
0,O43395,P493S,Q8IXK0
0,O43395,P493S,O43242
0,O43395,P493S,Q9HCM9
1,O43395,P493S,Q8IZU0
1,O43395,P493S,Q9UJV3
1,O43395,P493S,Q96D09
0,O43395,T494M,Q9HCM9
0,O43395,T494M,O43242
0,O43395,T494M,Q8IZU0
0,O43395,T494M,Q8IXK0
1,O43395,T494M,Q9UJV3
1,O43395,T494M,Q96D09
1,O43524,S315A,P31749
0,O43586,E250Q,Q9Y2R2
1,O43586,E250Q,O15553
0,O43707,K255E,O60294
0,O43707,K255E,P50222
0,O43707,K255E,P10276
1,O43707,K255E,O94875
0,O43707,S262P,O60294
0,O43707,S262P,P10276
0,O43707,S262P,P37231
1,O43707,S262P,O94875
1,O43707,S262P,P50222
0,O43707,T259I,O94875
0,O43707,T259I,P10276
0,O43707,T259I,O60294
0,O43707,T259I,P37231
1,O43707,T259I,P50222
0,O43759,K99E,Q969F0
1,O43759,K99E,O43889
0,O43889,K172E,P43378
0,O43889,K172E,Q92520
0,O43889,K172E,P02652
0,O43889,K172E,Q96CM8
0,O43889,K172E,Q9UHE5
0,O43889,K172E,P27449
0,O43889,K172E,Q15012
0,O43889,K172E,Q8TBP5
0,O43889,K172E,Q9P0S3
0,O43889,K172E,Q8N4V2
0,O43889,K172E,Q5BVD1
0,O43889,K172E,P31513
0,O43889,K172E,P02724
0,O43889,K172E,O15400
0,O43889,K172E,Q9Y287
0,O43889,K172E,P09601
0,O43889,K172E,P18859
0,O43889,K172E,Q8N682
0,O43889,K172E,P17302
0,O43889,K172E,P30519
0,O43889,K172E,O95674
0,O43889,K172E,Q9BQA9
0,O43889,K172E,Q99808
0,O43889,K172E,Q13323
0,O43889,K172E,Q9BQB6
0,O43889,K172E,P23560
0,O43889,K172E,Q9NX47
0,O43889,K172E,O14817
0,O43889,K172E,Q07817
0,O43889,K172E,Q8TAF8
0,O43889,K172E,O43759
0,O43889,K172E,O95139
0,O43889,K172E,Q15382
0,O43889,K172E,P01374
0,O43889,K172E,Q9NZ43
0,O43889,K172E,Q7L5A8
0,O43889,K172E,Q8N6G5
0,O43889,K172E,P05090
0,O43889,K172E,O75787
0,O43889,K172E,Q6N075
0,O43889,K172E,Q96FM1
0,O43889,K172E,P48651
0,O43889,K172E,Q9BWM7
0,O43889,K172E,Q7RTP0
0,O43889,K172E,Q8TBG9
0,O43889,K172E,P24593
0,O43889,K172E,P11836
0,O43889,K172E,Q12893
0,O43889,K172E,Q8WY98
0,O43889,K172E,Q16617
0,O43889,K172E,P27701
0,O43889,K172E,O43561
0,O43889,K172E,Q969S6
0,O43889,K172E,Q96HA9
0,O43889,K172E,O60636
0,O43889,K172E,P55064
0,O43889,K172E,O43752
0,O43889,K172E,O00180
0,O43889,K172E,P22307
0,O43889,K172E,Q96IZ2
0,O43889,K172E,Q9UGQ2
1,O43889,K172E,Q9BVC6
1,O43889,K172E,P98173
1,O43889,K172E,Q9UEU0
1,O43889,K172E,Q8WUG5
1,O43889,K172E,Q9NZ01
1,O43889,K172E,O94886
1,O43889,K172E,O15460
1,O43889,K172E,Q9UNK0
1,O43889,K172E,O14494
0,O43889,R119G,O60636
0,O43889,R119G,P27449
0,O43889,R119G,Q7RTP0
0,O43889,R119G,O95139
0,O43889,R119G,Q8TBP5
0,O43889,R119G,Q96FM1
0,O43889,R119G,P01374
0,O43889,R119G,P02652
0,O43889,R119G,Q8N682
0,O43889,R119G,O14817
0,O43889,R119G,Q9BQA9
0,O43889,R119G,Q96IZ2
0,O43889,R119G,Q13323
0,O43889,R119G,Q15012
0,O43889,R119G,Q15382
0,O43889,R119G,Q9Y287
0,O43889,R119G,Q8WY98
0,O43889,R119G,Q9NZ43
0,O43889,R119G,Q7L5A8
0,O43889,R119G,Q9P0S3
0,O43889,R119G,P55064
0,O43889,R119G,O43752
0,O43889,R119G,Q9HCS2
0,O43889,R119G,O43759
0,O43889,R119G,P43378
0,O43889,R119G,Q8N4V2
0,O43889,R119G,Q96CM8
0,O43889,R119G,Q8TAF8
0,O43889,R119G,Q6N075
0,O43889,R119G,P48651
0,O43889,R119G,Q5BVD1
0,O43889,R119G,Q8N6G5
0,O43889,R119G,Q9BWM7
0,O43889,R119G,P23560
0,O43889,R119G,P05090
0,O43889,R119G,P24593
0,O43889,R119G,O75787
0,O43889,R119G,P11836
0,O43889,R119G,P22307
0,O43889,R119G,O15400
0,O43889,R119G,Q12893
0,O43889,R119G,P09601
0,O43889,R119G,Q16617
0,O43889,R119G,P18859
0,O43889,R119G,P17302
0,O43889,R119G,Q969S6
0,O43889,R119G,O00180
0,O43889,R119G,Q9UHE5
0,O43889,R119G,Q9UGQ2
0,O43889,R119G,Q8WUG5
0,O43889,R119G,O43561
0,O43889,R119G,P31513
0,O43889,R119G,Q9NX47
0,O43889,R119G,Q99808
0,O43889,R119G,Q9BQB6
0,O43889,R119G,Q92520
0,O43889,R119G,Q8TBG9
0,O43889,R119G,P27701
0,O43889,R119G,P30519
0,O43889,R119G,O95674
0,O43889,R119G,Q96HA9
0,O43889,R119G,P02724
0,O43889,R119G,Q07817
1,O43889,R119G,Q9BVC6
1,O43889,R119G,O14494
1,O43889,R119G,Q9UNK0
1,O43889,R119G,Q9UEU0
1,O43889,R119G,O15460
1,O43889,R119G,Q9NZ01
1,O43889,R119G,O94886
1,O43889,R119G,P98173
0,O60241,R1465W,Q99962
1,O60241,R1465W,P19086
0,O60566,K250R,Q92831
1,O60566,K250R,P0CG48
0,O75344,F72L,Q9BRK4
0,O75344,F72L,G2XKQ0
0,O75344,F72L,Q96JB5
0,O75344,F72L,P50222
1,O75344,F72L,Q8IYA8
0,O75386,G267S,P43360
1,O75386,G267S,Q6NXT1
0,O75603,G63S,Q93062
0,O75603,G63S,Q96LI6
1,O75603,G63S,Q13643
1,O75603,G63S,O43186
0,O75603,R47L,Q13643
0,O75603,R47L,Q96LI6
1,O75603,R47L,O43186
1,O75603,R47L,Q93062
0,O75771,E233G,Q9BVG8
0,O75771,E233G,Q9BRK4
0,O75771,E233G,Q9UKT9
0,O75771,E233G,Q13422
0,O75771,E233G,Q6P1W5
0,O75771,E233G,P19012
0,O75771,E233G,Q8IYX8
0,O75771,E233G,Q8TBB1
0,O75771,E233G,F5H3M2
0,O75771,E233G,Q5JST6
0,O75771,E233G,Q6P2R3
0,O75771,E233G,Q8IYA8
1,O75771,E233G,Q9Y2J4
1,O75771,E233G,O43543
0,O75896,R76Q,Q99750
1,O75896,R76Q,Q93062
0,O75934,N139S,Q08379
1,O75934,N139S,P15884
1,O75934,N139S,Q13155
1,O75934,N139S,Q9UKT9
1,O75934,N139S,O14964
0,O76064,R42A,Q14676
1,O76064,R42A,Q14839
0,O95166,L50A,Q8TC07
0,O95166,L50A,Q9NT62
0,O95166,L50A,P46934
1,O95166,L50A,O75323
1,O95166,L50A,Q8WWW0
1,O95166,L50A,Q9BSB4
0,O95166,Y49A,Q8TC07
0,O95166,Y49A,Q9NT62
0,O95166,Y49A,P46934
1,O95166,Y49A,O75323
1,O95166,Y49A,Q8WWW0
1,O95166,Y49A,Q9BSB4
0,O95231,A226E,O75553
1,O95231,A226E,Q93062
1,O95231,A226E,Q6P1W5
1,O95231,A226E,Q96SF7
1,O95231,A226E,P60329
0,O95257,G112S,P57060
1,O95257,G112S,Q8TED9
1,O95257,G112S,Q04864
0,O95630,Q155H,Q15645
0,O95630,Q155H,O75886
0,O95630,Q155H,Q9Y3E7
0,O95630,Q155H,O75791
0,O95630,Q155H,P62993
1,O95630,Q155H,Q7LBR1
0,O95751,L12H,O95835
0,O95751,L12H,Q5W5X9
0,O95751,L12H,Q9NTK1
0,O95751,L12H,Q9H788
0,O95751,L12H,P55040
0,O95751,L12H,Q8WYA6
0,O95751,L12H,O43167
0,O95751,L12H,Q9BU76
0,O95751,L12H,P13805
0,O95751,L12H,Q9Y247
0,O95751,L12H,Q92530
0,O95751,L12H,Q99728
0,O95751,L12H,O43663
0,O95751,L12H,Q9UGP5
0,O95751,L12H,Q9P2Z0
0,O95751,L12H,Q96GM5
0,O95751,L12H,Q9UBU9
0,O95751,L12H,O75348
0,O95751,L12H,O14966
0,O95751,L12H,Q8N5A5
0,O95751,L12H,Q53HL2
0,O95751,L12H,Q8WWY3
0,O95751,L12H,Q96BZ8
0,O95751,L12H,Q9NVN8
0,O95751,L12H,P15622
0,O95751,L12H,O95990
0,O95751,L12H,Q9UPT5
0,O95751,L12H,Q6NX45
0,O95751,L12H,Q13895
1,O95751,L12H,Q9BVJ6
1,O95751,L12H,Q6ZN18
1,O95751,L12H,Q9H7E9
1,O95751,L12H,P19012
1,O95751,L12H,P18848
1,O95751,L12H,Q86TG7
0,O95801,E77A,Q99741
1,O95801,E77A,P11142
0,O95801,N217K,Q99741
1,O95801,N217K,P11142
0,O95817,L462P,Q8IUQ4
0,O95817,L462P,Q86WV8
0,O95817,L462P,Q96RU7
0,O95817,L462P,Q9GZU7
0,O95817,L462P,Q96DV4
0,O95817,L462P,Q96PV6
0,O95817,L462P,Q8WUU8
0,O95817,L462P,Q7Z783
1,O95817,L462P,Q05BL1
1,O95817,L462P,Q9NU39
1,O95817,L462P,Q9UBY9
1,O95817,L462P,Q13133
1,O95817,L462P,Q15038
1,O95817,L462P,Q05215
1,O95817,L462P,O00167
1,O95817,L462P,Q9H1C7
1,O95817,L462P,Q8N9I9
1,O95817,L462P,Q969T9
1,O95817,L462P,P14373
1,O95817,L462P,Q99750
1,O95817,L462P,O15496
1,O95817,L462P,Q86TH3
1,O95817,L462P,Q8NEA6
1,O95817,L462P,Q9NQX0
1,O95817,L462P,Q9Y5V3
1,O95817,L462P,Q96B67
1,O95817,L462P,Q01196
1,O95817,L462P,A8MTQ0
1,O95817,L462P,Q9UJY1
1,O95817,L462P,Q16825
1,O95817,L462P,Q9NV39
1,O95817,L462P,Q8WWB5
1,O95817,L462P,Q86V38
1,O95817,L462P,Q9H9H4
1,O95817,L462P,Q9NR12
0,O95817,R258W,Q96DV4
1,O95817,R258W,Q9NQX0
1,O95817,R258W,Q99750
1,O95817,R258W,Q05215
1,O95817,R258W,Q8IUQ4
1,O95817,R258W,Q7Z783
1,O95817,R258W,Q13133
1,O95817,R258W,Q9UJY1
1,O95817,R258W,O15496
1,O95817,R258W,Q05BL1
1,O95817,R258W,Q15038
1,O95817,R258W,Q86TH3
1,O95817,R258W,Q96RU7
1,O95817,R258W,Q8WWB5
1,O95817,R258W,Q01196
1,O95817,R258W,Q9NU39
1,O95817,R258W,Q9UBY9
1,O95817,R258W,Q9NR12
1,O95817,R258W,Q969T9
1,O95817,R258W,Q96PV6
1,O95817,R258W,Q9Y5V3
1,O95817,R258W,Q86V38
1,O95817,R258W,Q9H9H4
1,O95817,R258W,Q86WV8
1,O95817,R258W,Q8N9I9
1,O95817,R258W,Q8WUU8
1,O95817,R258W,Q9NV39
1,O95817,R258W,A8MTQ0
1,O95817,R258W,Q16825
1,O95817,R258W,P14373
1,O95817,R258W,Q9GZU7
1,O95817,R258W,O00167
1,O95817,R258W,Q96B67
1,O95817,R258W,Q8NEA6
0,O95872,D56E,P14373
1,O95872,D56E,P36406
0,O95985,R267W,Q8WV44
0,O95985,R267W,Q9Y2D8
0,O95985,R267W,Q9UJV3
0,O95985,R267W,Q6UY14
1,O95985,R267W,Q9BQ66
0,P00395,V83I,P05067
1,P00395,V83I,Q9UMX0
0,P00492,C206Y,Q96HA8
0,P00492,C206Y,Q9H1K1
0,P00492,C206Y,O00560
1,P00492,C206Y,Q9NRG1
0,P00492,P38S,Q9H1K1
0,P00492,P38S,Q96HA8
0,P00492,P38S,O00560
1,P00492,P38S,Q9NRG1
0,P00533,D855A,P29353
1,P00533,D855A,Q15256
1,P00533,D855A,P29350
1,P00533,D855A,Q06124
1,P00533,D855A,P35236
1,P00533,D855A,Q05209
0,P01106,S62A,O15169
1,P01106,S62A,P49841
0,P01116,G12V,P50749
1,P01116,G12V,P04049
0,P01834,S101A,P43629
1,P01834,S101A,Q14943
1,P01834,S101H,Q14943
0,P01834,S101L,Q14943
0,P02489,R116C,P43320
0,P02489,R116C,P07315
1,P02489,R116C,P02511
0,P02538,A463P,P36406
0,P02538,A463P,Q9BYV2
0,P02538,A463P,Q9UBB9
0,P02538,A463P,Q9BVG8
0,P02538,A463P,F5H3M2
1,P02538,A463P,Q15323
1,P02538,A463P,Q08379
1,P02538,A463P,P19012
1,P02538,A463P,P13646
1,P02538,A463P,O76015
0,P02538,I462S,P36406
0,P02538,I462S,Q9BVG8
0,P02538,I462S,F5H3M2
1,P02538,I462S,P13646
1,P02538,I462S,Q9BYV2
1,P02538,I462S,P19012
1,P02538,I462S,Q08379
1,P02538,I462S,O76015
1,P02538,I462S,Q15323
0,P02538,N171K,Q9BVG8
0,P02538,N171K,P36406
0,P02538,N171K,Q08379
1,P02538,N171K,Q6A162
1,P02538,N171K,O76015
1,P02538,N171K,Q9UBB9
1,P02538,N171K,Q9BYV2
1,P02538,N171K,Q15323
1,P02538,N171K,P19012
1,P02538,N171K,P13646
0,P04626,K753A,P29353
0,P04626,K753A,Q06124
1,P04626,K753A,Q15256
1,P04626,K753A,P29350
0,P04637,E258Q,Q13625
0,P04637,E258Q,O14641
0,P04637,E258Q,Q9BQA5
1,P04637,E258Q,Q96M61
0,P04637,F338L,Q9BQA5
0,P04637,F338L,Q13625
1,P04637,F338L,O14641
1,P04637,F338L,Q96M61
0,P04637,P222L,Q13625
1,P04637,P222L,Q96M61
1,P04637,P222L,O14641
1,P04637,P222L,Q9BQA5
0,P04637,R156P,O14641
0,P04637,R156P,Q9BQA5
0,P04637,R156P,Q13625
1,P04637,R156P,Q96M61
0,P04637,R175H,Q07817
1,P04637,R175H,Q99986
1,P04637,R175H,P15036
0,P04637,R248W,Q9UER7
1,P04637,R248W,P15036
0,P04637,R283C,Q13625
1,P04637,R283C,Q96M61
1,P04637,R283C,Q9BQA5
1,P04637,R283C,O14641
0,P04637,S127A,Q13526
1,P04637,S127A,Q8WUF5
0,P04637,S315A,Q13526
1,P04637,S315A,Q8WUF5
0,P04637,S33A,Q13526
1,P04637,S33A,Q8WUF5
0,P04637,S46A,Q13526
0,P04637,S46A,P10415
0,P04637,S46A,O15151
0,P04637,S46A,Q05655
1,P04637,S46A,Q8WUF5
0,P04637,T150A,Q13526
1,P04637,T150A,Q8WUF5
0,P04637,T81A,Q13526
1,P04637,T81A,Q8WUF5
0,P04843,F203L,Q9UMX0
1,P04843,F203L,O43765
0,P05783,G340R,Q08379
0,P05783,G340R,O14964
1,P05783,G340R,Q8N0S2
0,P05783,Q285R,Q08379
0,P05783,Q285R,O14964
1,P05783,Q285R,Q8N0S2
0,P06401,P426A,P12931
1,P06401,P426A,P03372
0,P06493,Y4F,P19525
1,P06493,Y4F,P0CG48
0,P06730,K162R,P63165
1,P06730,K162R,Q13541
0,P06730,K206R,P63165
1,P06730,K206R,Q13541
0,P06730,K212R,P63165
1,P06730,K212R,Q13541
0,P06730,K36R,P63165
1,P06730,K36R,Q13541
0,P06730,K49R,P63165
1,P06730,K49R,Q13541
0,P06753,L100M,Q03933
0,P06753,L100M,O43482
0,P06753,L100M,P13805
0,P06753,L100M,Q8TD31
1,P06753,L100M,Q9Y6D9
1,P06753,L100M,O14879
1,P06753,L100M,Q8N0S2
1,P06753,L100M,Q9BQD3
1,P06753,L100M,P0C1Z6
0,P06753,R168G,Q03933
0,P06753,R168G,Q8TD31
0,P06753,R168G,O43482
0,P06753,R168G,P13805
1,P06753,R168G,Q9Y6D9
1,P06753,R168G,Q8N0S2
1,P06753,R168G,Q9BQD3
1,P06753,R168G,O14879
0,P06753,R245G,O43482
0,P06753,R245G,P13805
0,P06753,R245G,Q8TD31
0,P06753,R245G,Q03933
1,P06753,R245G,Q8N0S2
1,P06753,R245G,O14879
1,P06753,R245G,Q9Y6D9
1,P06753,R245G,Q9BQD3
0,P08069,K1033A,P35568
0,P08069,K1033A,O00459
0,P08069,K1033A,P29353
1,P08069,K1033A,Q15256
1,P08069,K1033A,Q06124
1,P08069,K1033A,P29350
1,P08069,K1033A,P35236
1,P08069,K1033A,Q05209
0,P08603,D1119G,P01024
1,P08603,D1119G,P26022
1,P08603,Y402H,P02741
1,P08603,Y402H,P05156
1,P08603,Y402H,P01024
0,P09467,G260R,P51116
0,P09493,E40K,Q08379
1,P09493,E40K,Q8N0S2
1,P09493,E40K,Q9BQD3
1,P09493,E40K,O14879
1,P09493,E40K,Q9Y6D9
1,P09493,E40K,P0C1Z6
1,P09493,E40K,P13805
1,P09493,E40K,Q8TC20
0,P09493,V95A,Q08379
1,P09493,V95A,Q8TC20
1,P09493,V95A,O14879
1,P09493,V95A,P0C1Z6
1,P09493,V95A,Q9BQD3
1,P09493,V95A,Q9Y6D9
1,P09493,V95A,P13805
0,P10606,R115C,O14503
0,P10606,R115C,Q9UBB9
1,P10606,R115C,Q01850
0,P10636,R5H,Q14203
1,P10636,R5H,P07355
0,P10644,L15F,Q9ULZ3
1,P10644,L15F,P10644
1,P10644,L15F,Q8N6U8
1,P10644,L15F,O43572
0,P10644,R243Q,P10644
1,P10644,R243Q,O43572
1,P10644,R243Q,Q9ULZ3
1,P10644,R243Q,Q8N6U8
0,P10997,F56K,Q9Y5Z0
0,P11473,C190W,P50222
1,P11473,C190W,Q15645
0,P11474,K14R,P61956
0,P11474,K14R,P63279
0,P11474,K14R,Q9UBT2
0,P11474,K14R,Q9UBE0
1,P11474,K14R,Q9UBK2
1,P11474,K14R,P55854
1,P11686,C189G,O43889
1,P11686,C189G,Q8N205
1,P11686,C189G,Q9BZL3
1,P11686,Y104H,Q8N205
1,P11686,Y104H,O43889
1,P11686,Y104H,Q9BZL3
0,P11802,R24C,P42773
1,P11802,R24C,P30281
1,P11802,R24C,Q9UJC3
1,P11802,R24C,P24385
1,P11802,R24C,P42772
1,P11802,R24C,P55273
0,P11802,R24H,P42773
1,P11802,R24H,P30279
1,P11802,R24H,P24385
1,P11802,R24H,P55273
1,P11802,R24H,P30281
1,P11802,R24H,Q9UJC3
0,P11802,V174G,P30279
1,P11802,V174G,P30281
1,P11802,V174G,P42773
1,P11802,V174G,P24385
0,P14373,N355S,Q13643
0,P14373,N355S,P00973
1,P14373,N355S,P18075
1,P14373,N355S,Q99933
1,P14373,N355S,P19447
1,P14373,N355S,Q08117
1,P14373,N355S,P06730
1,P14373,N355S,P56282
0,P15056,G466V,Q02750
1,P15056,G466V,P04049
0,P15531,S120G,O00746
0,P15531,S120G,O15160
0,P15531,S120G,Q13232
1,P15531,S120G,P51116
1,P15531,S120G,Q96HA8
0,P15882,D115N,Q9Y5R4
1,P15882,D115N,O43639
0,P15976,V205M,Q9BRK4
1,P15976,V205M,Q15654
1,P15976,V205M,Q9BYR7
1,P15976,V205M,Q99750
0,P17676,K174A,P56524
0,P17735,P220S,Q05086
1,P17735,P220S,P15104
1,P17735,R119W,P15104
0,P18031,C215S,P04632
0,P18031,C215S,P07384
0,P18031,C215S,P12931
1,P18031,C215S,P09619
0,P18031,D181A,Q03135
1,P18031,D181A,P06213
1,P18848,A324V,Q9Y297
1,P18848,A324V,Q13515
1,P18848,A324V,O95751
0,P19174,Y783F,P31749
1,P19174,Y783F,P11362
0,P21980,C277S,P40337
1,P21980,C277S,P28300
0,P23526,A89V,Q6AI12
1,P23526,A89V,Q9BV19
1,P23526,D86G,Q6AI12
0,P26371,Y40C,Q06418
0,P26371,Y40C,Q9UBR2
1,P26371,Y40C,O75056
1,P26371,Y40C,Q5T7P3
1,P26371,Y40C,Q6ZNA4
0,P28799,P451L,Q8N6T3
0,P28799,P451L,O76003
0,P28799,P451L,Q9UBE8
0,P28799,P451L,O43597
1,P28799,P451L,O43765
1,P28799,P451L,P49639
1,P28799,P451L,Q6PEX3
1,P28799,P451L,P32242
0,P28799,R432C,P49639
0,P28799,R432C,O43765
0,P28799,R432C,O76003
0,P28799,R432C,O43597
0,P28799,R432C,Q6PEX3
0,P28799,R432C,Q8N6T3
0,P28799,R432C,Q9UBE8
1,P28799,R432C,P32242
1,P29350,C453S,Q15303
1,P29350,C453S,P21802
1,P29350,C453S,P08069
1,P29350,C453S,P00533
1,P29350,C453S,P35968
1,P29350,D419A,Q9UKJ1
1,P29350,D419A,Q15303
1,P29350,D419A,P21802
1,P29350,D419A,P08069
1,P29350,D419A,P00533
1,P29350,D419A,P35968
0,P31749,S477D,P20248
1,P31749,S477D,Q9BPZ7
1,P31749,S477D,P42345
0,P31749,T479E,P20248
1,P31749,T479E,Q9BPZ7
1,P31749,T479E,P42345
0,P35226,C18Y,Q8IXK0
1,P35226,C18Y,P0CG48
1,P35236,C291S,Q15303
1,P35236,C291S,P00533
0,P35240,L360P,O14964
1,P35240,L360P,Q99613
0,P35240,Q538P,O14964
0,P35240,Q538P,Q01082
1,P35240,Q538P,Q99613
0,P35414,I109A,P25098
1,P35414,I109A,P32121
0,P35520,G85R,Q08426
0,P35520,G85R,P25786
0,P35520,G85R,Q8IV36
0,P35520,G85R,Q13526
1,P35520,G85R,Q9NP79
1,P35520,G85R,P51116
0,P35520,L456P,Q8IV36
0,P35520,L456P,P51116
0,P35520,L456P,P57075
0,P35520,L456P,Q08426
0,P35520,L456P,Q9NP79
0,P35520,L456P,P25786
1,P35520,L456P,Q13526
0,P35609,M604V,P23497
0,P35609,M604V,Q15506
0,P35609,M604V,Q7Z7H8
0,P35609,M604V,P05496
0,P35609,M604V,P62140
0,P35609,M604V,Q8WW35
0,P35609,M604V,Q9Y247
0,P35609,M604V,J3KMY6
0,P35609,M604V,Q9H0E2
0,P35609,M604V,P29373
0,P35609,M604V,P78560
0,P35609,M604V,Q8IYT4
0,P35609,M604V,P30711
0,P35609,M604V,Q8WXI8
0,P35609,M604V,P47897
0,P35609,M604V,Q7Z5G4
0,P35609,M604V,P23771
0,P35609,M604V,P49458
0,P35609,M604V,P26842
0,P35609,M604V,O43827
0,P35609,M604V,O60232
0,P35609,M604V,P62805
0,P35609,M604V,P63244
1,P35609,M604V,Q53GG5
1,P35609,M604V,Q8IYX7
1,P35609,M604V,P12814
1,P35609,M604V,Q8IY33
1,P35609,M604V,O95863
0,P35609,Q9R,P23497
0,P35609,Q9R,Q9NPC6
0,P35609,Q9R,Q9Y247
0,P35609,Q9R,P47897
0,P35609,Q9R,O43827
0,P35609,Q9R,P78560
0,P35609,Q9R,Q8WXI8
0,P35609,Q9R,O60232
0,P35609,Q9R,Q8WW35
0,P35609,Q9R,Q7Z5G4
0,P35609,Q9R,Q7Z7H8
0,P35609,Q9R,P63244
0,P35609,Q9R,P23771
0,P35609,Q9R,Q9H0E2
0,P35609,Q9R,Q8IYT4
0,P35609,Q9R,Q15506
0,P35609,Q9R,P05496
0,P35609,Q9R,P26842
0,P35609,Q9R,J3KMY6
0,P35609,Q9R,P49458
0,P35609,Q9R,P29373
0,P35609,Q9R,P30711
0,P35609,Q9R,P62140
0,P35609,Q9R,P62805
1,P35609,Q9R,Q53GG5
1,P35609,Q9R,P12814
1,P35609,Q9R,Q8IYX7
0,P35908,I477N,Q6A162
0,P35908,I477N,A1A4E9
0,P35908,I477N,P08727
0,P35908,I477N,O76015
0,P35908,I477N,P13646
1,P35908,I477N,P19012
1,P35908,L484P,P19012
1,P35908,L484P,O76015
1,P35908,L484P,P13646
1,P35908,L484P,P08727
0,P38398,M1775R,Q99708
0,P38398,M1775R,Q6UWZ7
0,P38398,M1775R,Q9BX63
0,P38398,M1775R,Q6PJG6
1,P38398,M1775R,Q8WX92
0,P38398,S114A,Q13526
1,P38398,S114A,Q99728
0,P38936,R67L,P24385
0,P38936,R67L,P30281
0,P38936,R67L,P30279
1,P38936,R67L,P12004
0,P40222,R154G,O14777
0,P40222,R154G,O60941
0,P40222,R154G,O76015
0,P40222,R154G,Q01850
0,P40222,R154G,Q9UBB9
1,P40222,R154G,Q13136
0,P40692,A128P,Q9UQ84
0,P40692,C533Y,P52292
0,P40692,C533Y,O94941
1,P40692,C533Y,O75152
1,P40692,C533Y,P20585
1,P40692,C533Y,P25786
1,P40692,C533Y,Q96NE9
1,P40692,C533Y,P15173
1,P40692,C533Y,Q8NA61
0,P40692,C77Y,Q9UQ84
0,P40692,D748H,P20585
0,P40692,D748H,P52292
0,P40692,D748H,P25786
1,P40692,D748H,P15173
0,P40692,G244D,P15173
0,P40692,G244D,Q5VWN6
0,P40692,G244D,Q9UQ84
1,P40692,G244D,P43361
1,P40692,G244D,Q8NA61
1,P40692,G244D,P63010
0,P40692,G67R,Q9UQ84
0,P40692,I107R,Q9UQ84
1,P40692,I107R,P11142
1,P40692,I107R,Q9BX63
0,P40692,I68N,Q9UQ84
0,P40692,K618T,O75152
0,P40692,K618T,P15173
0,P40692,K618T,P20585
0,P40692,K618T,Q96NE9
0,P40692,K618T,Q8NA61
0,P40692,K618T,P25786
0,P40692,K618T,P52292
0,P40692,K618T,O94941
0,P40692,M35R,Q9UQ84
0,P40692,M587V,P52292
0,P40692,M587V,P25786
1,P40692,M587V,P15173
1,P40692,M587V,P20585
0,P40692,P28L,Q9UQ84
0,P40692,Q689R,O94941
1,P40692,Q689R,P15173
0,P40692,R522W,P52292
1,P40692,R522W,P25786
1,P40692,R522W,P15173
1,P40692,R522W,P20585
0,P40692,S44F,Q5VWN6
0,P40692,S44F,P43361
0,P40692,S44F,Q8NA61
0,P40692,S44F,Q9UQ84
0,P40692,S44F,P63010
0,P40692,T117M,Q9UQ84
0,P40692,T117R,Q9UQ84
0,P40692,V185G,Q9UQ84
0,P40692,V326A,P20585
0,P40692,V326A,P25786
0,P40692,V326A,P52292
1,P40692,V326A,Q9UQ84
1,P40692,V326A,P54278
1,P40692,V326A,P15173
0,P40692,V716M,P52292
0,P40692,V716M,P25786
0,P40692,V716M,P20585
1,P40692,V716M,P54278
1,P40692,V716M,P15173
1,P42771,M53I,P11802
1,P42771,M53I,Q00534
1,P42771,M53I,P24385
0,P42771,R87P,P24385
1,P42771,R87P,P11802
1,P42771,R87P,Q00534
0,P42773,V31L,Q99081
0,P42773,V31L,Q04864
0,P42773,V31L,O43865
0,P42773,V31L,P15884
0,P42773,V31L,Q9UJ70
0,P42773,V31L,Q9GZT8
1,P42773,V31L,Q00534
1,P42773,V31L,P11802
0,P43361,R218C,Q13563
1,P43361,R218C,P28676
1,P43361,R218C,Q5H9J7
0,P43378,R72Q,Q969L2
1,P43378,R72Q,O95197
1,P43378,R72Q,Q6RW13
1,P43378,R72Q,O43889
1,P43629,G159W,P01834
0,P43629,L187R,Q95J06
0,P43629,L187R,P01834
1,P43629,P220L,Q95J06
0,P43632,K65M,Q5S3G3
1,P43632,K65M,A0A583ZBW8
1,P43632,K65M,A0A583ZBW7
0,P45381,E24G,Q96HD9
1,P45381,E24G,Q14145
0,P45381,M195R,Q96HD9
1,P45381,M195R,Q14145
0,P46937,S94A,Q15561
1,P46937,S94A,P35222
0,P49768,D385A,P05067
1,P49768,D385A,Q9NZC2
0,P49841,S9A,P63104
1,P49841,S9A,Q14596
0,P51116,K651E,P09467
1,P51116,K651E,Q96QH2
1,P51116,K651E,P61457
1,P51116,K651E,O95171
1,P51116,K651E,P02794
1,P51116,K651E,Q03393
1,P51116,K651E,Q96CW1
1,P51116,K651E,Q9NU19
1,P51116,K651E,Q13094
1,P51116,K651E,Q8IVW4
0,P51159,Y159C,Q70J99
1,P51159,Y159C,Q9BV36
0,P51451,I338T,P40763
1,P51451,I338T,O43281
0,P51946,N155T,Q08379
0,P51946,N155T,Q6P597
0,P51946,N155T,Q13136
0,P51946,N155T,Q9UNI6
1,P51946,N155T,P31947
0,P53673,G64W,P53674
1,P53673,G64W,P02489
0,P54727,K6A,P68104
1,P54727,K6A,Q8TBC4
0,P55273,P142S,P22736
1,P55273,P142S,P43354
1,P55273,P142S,Q00534
1,P55273,P142S,Q6P1W5
0,P60201,A213E,Q96BA8
0,P60201,A213E,Q16849
1,P60201,A213E,O43889
0,P60201,L87P,Q96BA8
0,P60201,L87P,Q16849
1,P60201,L87P,O43889
0,P60201,P15L,Q16849
0,P60201,P15L,Q96BA8
1,P60201,P15L,O43889
0,P60201,W128L,Q16849
0,P60201,W128L,Q96BA8
1,P60201,W128L,O43889
0,P60484,C124S,P35226
1,P60484,C124S,Q15599
1,P60484,C124S,P35222
0,P60709,E364K,P60981
0,P60709,E364K,Q96HA8
0,P60709,E364K,P40123
0,P60709,E364K,P23528
0,P60709,E364K,P63261
1,P60891,D183H,Q14558
1,P60891,D183H,Q9H8Y8
1,P60891,D183H,Q9NZD8
0,P60891,D203H,P11908
1,P60891,D203H,Q9H8Y8
1,P60891,D203H,Q14558
0,P60891,E43D,P11908
1,P60891,E43D,Q9H8Y8
1,P60891,E43D,Q14558
1,P60891,E43D,Q9NZD8
0,P61006,T72A,Q5S007
1,P61006,T72A,Q96QF0
1,P61006,T72A,Q9Y4K4
0,P61006,T72E,Q9Y6E0
0,P61006,T72E,Q5S007
1,P61006,T72E,Q96QF0
0,P61764,G544D,O00635
0,P61764,G544D,Q13190
0,P61764,G544D,Q0VDD7
0,P61764,G544D,Q8N4C7
0,P61764,G544D,P50222
0,P61764,G544D,O75558
1,P61764,G544D,P11142
0,P61764,V84D,Q13190
0,P61764,V84D,Q0VDD7
0,P61764,V84D,P50222
0,P61764,V84D,O75558
0,P61764,V84D,Q8N4C7
0,P61764,V84D,O00635
1,P61764,V84D,P11142
0,P62195,R60Q,P19012
0,P62195,R60Q,P01100
0,P62195,R60Q,O76015
1,P62195,R60Q,Q13371
1,P62195,R60Q,P43686
0,P62330,Q67L,O00213
1,P62330,Q67L,Q9NZ52
1,P62330,Q67L,Q9ULP9
0,P62330,T27N,Q02241
1,P62330,T27N,O00213
1,P62330,T27N,Q9ULP9
0,P62508,K40R,P63165
0,P62508,K40R,P63279
0,P62508,K40R,Q9UBT2
0,P62508,K40R,Q9UBE0
0,P62508,K40R,P61956
1,P62508,K40R,Q9UBK2
0,P62826,Q69L,Q8WUF5
0,P62826,Q69L,P42771
1,P62826,Q69L,Q9H6Z4
0,P63261,P264L,Q9Y281
0,P63261,P264L,P60709
1,P63261,P264L,P40123
0,P78423,R71A,P49238
0,P78423,R71A,P13612
1,P78423,R71A,P08648
0,P84022,P393L,Q8N684
0,P84022,P393L,Q08117
1,P84022,P393L,Q13485
1,P84022,P393L,O95405
0,P84243,G91M,P62805
0,P84243,G91M,Q9UER7
1,P84243,G91M,Q13111
0,P98170,G188E,Q9Y2D8
0,P98170,G188E,O43353
1,P98170,G188E,P40937
1,P98170,G188E,Q96HA8
1,P98170,G188E,Q9HC98
1,P98170,G188E,P61024
1,P98170,G188E,P55211
1,P98170,G188E,Q96FJ2
1,P98170,G188E,A5D8V6
1,P98170,G188E,Q17RB8
1,P98170,G188E,P19447
0,P98170,H223V,Q9NR28
1,P98170,H223V,O43353
0,P98170,L207P,O43353
1,P98170,L207P,P55211
0,Q00987,S166A,Q8N726
1,Q00987,S166A,P25098
0,Q00987,S186A,Q8N726
1,Q00987,S186A,P25098
0,Q03154,R197W,Q99614
1,Q03154,R197W,P36639
0,Q05209,C231S,P21802
1,Q05209,C231S,P35968
1,Q05209,C231S,P00533
0,Q05209,D199A,P21802
0,Q05209,D199A,P08069
0,Q05209,D199A,Q15303
1,Q05209,D199A,P35968
0,Q08426,L715S,Q7L273
0,Q08426,L715S,Q7Z6G3
0,Q08426,L715S,Q8NC69
1,Q08426,L715S,P29144
1,Q08426,L715S,P63261
1,Q08426,L715S,O15344
1,Q08426,L715S,P60709
1,Q08426,L715S,Q15025
0,Q08426,Q685K,Q8IVP5
1,Q08426,Q685K,O43805
1,Q08426,Q685K,Q8WV44
1,Q08426,Q685K,Q68D86
0,Q08426,R483Q,P63261
0,Q08426,R483Q,Q7L273
0,Q08426,R483Q,Q8NC69
0,Q08426,R483Q,Q7Z6G3
0,Q08426,R483Q,P29144
0,Q08426,R483Q,P60709
1,Q08426,R483Q,Q15025
1,Q08426,R483Q,O15344
0,Q12824,K363N,P68431
0,Q12824,K363N,P33778
1,Q12824,K363N,P51532
1,Q12824,K363N,Q92922
1,Q12824,K363N,Q68CP9
1,Q12824,K363N,Q86U86
1,Q12824,K363N,P51531
1,Q12824,K363N,O14497
1,Q12824,K363N,Q8NFD5
1,Q12824,K363N,Q8WUZ0
1,Q12824,K363N,Q9H8M2
1,Q12824,K363N,Q15532
1,Q12824,K363N,O75177
1,Q12824,K363N,Q92782
1,Q12824,K363N,Q9BQE9
1,Q12824,K363N,Q92784
1,Q12824,K363N,Q4VC05
1,Q12824,K363N,Q8WUB8
1,Q12824,K363N,Q92785
1,Q12824,K363N,Q9NPI1
1,Q12824,K363N,O96019
1,Q12824,K363N,Q92925
1,Q12824,K363N,Q96GM5
1,Q12824,K363N,Q6STE5
1,Q12824,K363N,Q969G3
1,Q12824,K363N,Q8TAQ2
0,Q12824,R366C,P68431
0,Q12824,R366C,P33778
1,Q12824,R366C,P51532
1,Q12824,R366C,Q92922
0,Q13043,K59R,P31749
1,Q13043,K59R,Q06830
0,Q13049,R394H,Q9UI14
0,Q13049,R394H,Q9NYB9
0,Q13136,L330F,P51946
0,Q13136,L330F,Q3B820
0,Q13136,L330F,Q14738
1,Q13136,L330F,O60941
0,Q13257,L84M,Q15013
1,Q13257,L84M,Q14145
1,Q13257,L84M,Q9Y6D9
0,Q13277,H198Y,Q12846
1,Q13277,H198Y,Q9H115
0,Q13277,K199E,Q9H115
1,Q13277,K199E,Q12846
0,Q13362,S520D,Q00987
1,Q13362,S520D,P04637
1,Q13362,S520D,P67775
0,Q13418,K223N,Q9NVD7
1,Q13418,K223N,P48059
0,Q13418,R349H,Q9NVD7
1,Q13418,R349H,P48059
0,Q13418,Y278H,Q9NVD7
1,Q13418,Y278H,P48059
0,Q13485,D355N,P84022
1,Q13485,D355N,Q01844
0,Q13485,E330K,P84022
0,Q13485,E330K,O15198
1,Q13485,E330K,P61968
1,Q13485,E330K,P63279
1,Q13485,E330K,Q8WWW0
0,Q13485,G352R,P84022
0,Q13485,G352R,O15198
1,Q13485,G352R,Q8WWW0
1,Q13485,G352R,P61968
1,Q13485,G352R,P63279
0,Q13485,I500V,Q01844
1,Q13485,I500V,P84022
1,Q13485,I500V,P63279
0,Q13485,L533F,P84022
1,Q13485,L533F,Q01844
0,Q13485,L533R,P84022
0,Q13485,L533R,O15198
1,Q13485,L533R,P61968
1,Q13485,L533R,Q8WWW0
1,Q13485,L533R,P63279
0,Q13485,P102L,Q13309
1,Q13485,P102L,Q9Y297
0,Q13485,R361C,O15198
0,Q13485,R361C,P84022
1,Q13485,R361C,Q8WWW0
1,Q13485,R361C,P61968
1,Q13485,R361C,P63279
0,Q13485,R531W,P84022
1,Q13485,R531W,Q01844
0,Q13485,V350D,O15198
0,Q13485,V350D,P84022
0,Q13485,V350D,P61968
0,Q13485,V350D,Q8WWW0
1,Q13485,V350D,P63279
0,Q13485,Y353S,P84022
0,Q13485,Y353S,O15198
1,Q13485,Y353S,Q8WWW0
1,Q13485,Y353S,P61968
1,Q13485,Y353S,P63279
0,Q13526,A124T,Q9NWS9
0,Q13526,A124T,Q96AA8
1,Q13526,A124T,Q9BT49
0,Q14134,S514F,Q8NHQ1
1,Q14134,S514F,P36406
0,Q14192,N95K,P14923
1,Q14192,N95K,P52739
1,Q14192,N95K,Q9NPI6
1,Q14192,N95K,Q9Y5P3
1,Q14192,N95K,P05814
1,Q14192,N95K,Q53HC0
1,Q14192,N95K,Q9NTW7
1,Q14192,N95K,Q0VD86
1,Q14192,N95K,P48380
1,Q14192,N95K,Q49A26
0,Q14296,V424L,Q99750
0,Q14296,V424L,O43516
1,Q14296,V424L,Q13137
0,Q14565,I288T,P25788
0,Q14565,I288T,O00560
1,Q14565,I288T,Q8N8B7
1,Q14565,I288T,Q9H8Y8
0,Q14565,M200V,Q9GZT8
0,Q14565,M200V,Q8N5Z5
0,Q14565,M200V,O00560
1,Q14565,M200V,Q9H8Y8
0,Q14596,S590A,P49841
1,Q14596,S590A,Q13501
1,Q14596,S590A,Q9GZQ8
1,Q14596,S590A,O95166
1,Q14596,S590A,P49840
1,Q14596,S590A,P0CG48
0,Q14596,T586A,P49841
1,Q14596,T586A,Q13501
1,Q14596,T586A,Q9GZQ8
1,Q14596,T586A,O95166
1,Q14596,T586A,P49840
1,Q14596,T586A,P0CG48
0,Q14749,I211T,P36575
0,Q14749,I211T,P49407
1,Q14749,I211T,Q96HA8
0,Q14896,E258K,P12883
1,Q14896,E258K,P68032
0,Q15025,K30T,Q15311
1,Q15025,K30T,Q00403
1,Q15025,K30T,Q9H0R8
1,Q15025,K30T,Q9GZQ8
1,Q15025,K30T,Q15014
1,Q15025,K30T,Q15560
1,Q15025,K30T,P21580
1,Q15025,K30T,Q9H492
1,Q15025,K30T,O14777
1,Q15025,K30T,Q96CV9
1,Q15025,K30T,Q9UBU8
1,Q15025,K30T,P51959
1,Q15025,K30T,Q96MN5
1,Q15025,K30T,Q8TAD8
0,Q15051,A549K,O15078
1,Q15051,A549K,P0DP25
0,Q15109,S391A,Q9NWZ3
0,Q15109,S391A,P58753
0,Q15109,S391A,Q99836
1,Q15109,S391A,Q05513
0,Q15256,C588S,P21802
1,Q15256,C588S,P35968
1,Q15256,C588S,P08069
1,Q15256,C588S,P00533
1,Q15256,C588S,P04629
1,Q15256,C588S,P04626
1,Q15256,C588S,Q15303
1,Q15256,D554A,P35968
1,Q15256,D554A,P04629
1,Q15256,D554A,P04626
1,Q15256,D554A,Q15303
1,Q15256,D554A,P00533
1,Q15256,D554A,P08069
0,Q16401,A7S,P62191
1,Q16401,A7S,P35998
0,Q16555,R481C,Q16555
0,Q16555,R481C,Q14195
0,Q16555,R481C,Q9H8Y8
1,Q16555,R481C,Q9BPU6
0,Q16555,R496C,Q9H8Y8
1,Q16555,R496C,Q14195
1,Q16555,R496C,Q9BPU6
0,Q16613,A129T,O14503
1,Q16613,A129T,Q99750
0,Q3SYG4,A690E,Q9BXC9
1,Q3SYG4,A690E,Q96RK4
1,Q3SYG4,A690E,Q8NFJ9
0,Q3SYG4,A690K,Q96RK4
1,Q3SYG4,A690K,Q9BXC9
0,Q3SYG4,A739K,Q96RK4
1,Q3SYG4,A739K,Q9BXC9
1,Q3SYG4,A739K,Q8NFJ9
0,Q3SYG4,A792E,Q8NFJ9
1,Q3SYG4,A792E,Q9BXC9
1,Q3SYG4,A792E,Q96RK4
0,Q3SYG4,D747A,Q96RK4
1,Q3SYG4,D747A,Q9BXC9
1,Q3SYG4,D747A,Q8NFJ9
0,Q3SYG4,D747K,Q8NFJ9
1,Q3SYG4,D747K,Q9BXC9
1,Q3SYG4,D747K,Q96RK4
0,Q3SYG4,E622K,Q8NFJ9
1,Q3SYG4,E622K,Q9BXC9
1,Q3SYG4,E622K,Q96RK4
0,Q3SYG4,E647K,Q96RK4
1,Q3SYG4,E647K,Q8NFJ9
1,Q3SYG4,E647K,Q9BXC9
0,Q3SYG4,E654A,Q96RK4
1,Q3SYG4,E654A,Q8NFJ9
1,Q3SYG4,E654A,Q9BXC9
0,Q3SYG4,E654K,Q96RK4
1,Q3SYG4,E654K,Q9BXC9
1,Q3SYG4,E654K,Q8NFJ9
0,Q3SYG4,E715K,Q96RK4
1,Q3SYG4,E715K,Q9BXC9
1,Q3SYG4,E715K,Q8NFJ9
0,Q3SYG4,E753K,Q8NFJ9
1,Q3SYG4,E753K,Q9BXC9
1,Q3SYG4,E753K,Q96RK4
0,Q3SYG4,E770A,Q96RK4
1,Q3SYG4,E770A,Q8NFJ9
1,Q3SYG4,E770A,Q9BXC9
0,Q3SYG4,E770K,Q8NFJ9
1,Q3SYG4,E770K,Q96RK4
1,Q3SYG4,E770K,Q9BXC9
0,Q3SYG4,F580A,Q8NFJ9
1,Q3SYG4,F580A,Q9BXC9
1,Q3SYG4,F580A,Q96RK4
0,Q3SYG4,F673K,Q9BXC9
1,Q3SYG4,F673K,Q96RK4
1,Q3SYG4,F673K,Q8NFJ9
0,Q3SYG4,F721K,Q96RK4
1,Q3SYG4,F721K,Q9BXC9
1,Q3SYG4,F721K,Q8NFJ9
0,Q3SYG4,F724E,Q96RK4
1,Q3SYG4,F724E,Q9BXC9
1,Q3SYG4,F724E,Q8NFJ9
0,Q3SYG4,G584E,Q96RK4
1,Q3SYG4,G584E,Q9BXC9
1,Q3SYG4,G584E,Q8NFJ9
0,Q3SYG4,G628E,Q9BXC9
1,Q3SYG4,G628E,Q96RK4
1,Q3SYG4,G628E,Q8NFJ9
0,Q3SYG4,G841E,Q8NFJ9
1,Q3SYG4,G841E,Q9BXC9
1,Q3SYG4,G841E,Q96RK4
0,Q3SYG4,H694E,Q96RK4
1,Q3SYG4,H694E,Q8NFJ9
1,Q3SYG4,H694E,Q9BXC9
0,Q3SYG4,H778E,Q8NFJ9
1,Q3SYG4,H778E,Q96RK4
1,Q3SYG4,H778E,Q9BXC9
0,Q3SYG4,I735K,Q8NFJ9
1,Q3SYG4,I735K,Q96RK4
1,Q3SYG4,I735K,Q9BXC9
0,Q3SYG4,I738A,Q8NFJ9
0,Q3SYG4,I738A,Q96RK4
1,Q3SYG4,I738A,Q9BXC9
0,Q3SYG4,I738E,Q96RK4
1,Q3SYG4,I738E,Q8NFJ9
1,Q3SYG4,I738E,Q9BXC9
0,Q3SYG4,I738K,Q96RK4
0,Q3SYG4,I738K,Q8NFJ9
1,Q3SYG4,I738K,Q9BXC9
0,Q3SYG4,I801A,Q96RK4
1,Q3SYG4,I801A,Q9BXC9
1,Q3SYG4,I801A,Q8NFJ9
0,Q3SYG4,K685E,Q96RK4
1,Q3SYG4,K685E,Q9BXC9
1,Q3SYG4,K685E,Q8NFJ9
0,Q3SYG4,K809E,Q8NFJ9
1,Q3SYG4,K809E,Q9BXC9
1,Q3SYG4,K809E,Q96RK4
0,Q3SYG4,L465E,Q96RK4
1,Q3SYG4,L465E,Q8NFJ9
1,Q3SYG4,L465E,Q9BXC9
0,Q3SYG4,L465K,Q96RK4
1,Q3SYG4,L465K,Q8NFJ9
1,Q3SYG4,L465K,Q9BXC9
0,Q3SYG4,L666E,Q96RK4
1,Q3SYG4,L666E,Q8NFJ9
1,Q3SYG4,L666E,Q9BXC9
0,Q3SYG4,L692A,Q96RK4
1,Q3SYG4,L692A,Q9BXC9
1,Q3SYG4,L692A,Q8NFJ9
0,Q3SYG4,L698E,Q96RK4
1,Q3SYG4,L698E,Q8NFJ9
1,Q3SYG4,L698E,Q9BXC9
0,Q3SYG4,L733A,Q96RK4
0,Q3SYG4,L733A,Q8NFJ9
1,Q3SYG4,L733A,Q9BXC9
0,Q3SYG4,L808E,Q9BXC9
1,Q3SYG4,L808E,Q8NFJ9
1,Q3SYG4,L808E,Q96RK4
0,Q3SYG4,L819K,Q8NFJ9
1,Q3SYG4,L819K,Q9BXC9
1,Q3SYG4,L819K,Q96RK4
0,Q3SYG4,L827A,Q9BXC9
1,Q3SYG4,L827A,Q8NFJ9
1,Q3SYG4,L827A,Q96RK4
0,Q3SYG4,M578K,Q9BXC9
1,Q3SYG4,M578K,Q96RK4
1,Q3SYG4,M578K,Q8NFJ9
0,Q3SYG4,M837K,Q9BXC9
1,Q3SYG4,M837K,Q96RK4
1,Q3SYG4,M837K,Q8NFJ9
0,Q3SYG4,M839A,Q96RK4
1,Q3SYG4,M839A,Q9BXC9
1,Q3SYG4,M839A,Q8NFJ9
0,Q3SYG4,M839E,Q96RK4
1,Q3SYG4,M839E,Q9BXC9
1,Q3SYG4,M839E,Q8NFJ9
0,Q3SYG4,M839K,Q9BXC9
1,Q3SYG4,M839K,Q8NFJ9
1,Q3SYG4,M839K,Q96RK4
0,Q3SYG4,N716A,Q9BXC9
1,Q3SYG4,N716A,Q8NFJ9
1,Q3SYG4,N716A,Q96RK4
0,Q3SYG4,N719A,Q96RK4
1,Q3SYG4,N719A,Q9BXC9
1,Q3SYG4,N719A,Q8NFJ9
0,Q3SYG4,P840A,Q9BXC9
0,Q3SYG4,P840A,Q96RK4
1,Q3SYG4,P840A,Q8NFJ9
0,Q3SYG4,P840K,Q8NFJ9
1,Q3SYG4,P840K,Q9BXC9
1,Q3SYG4,P840K,Q96RK4
0,Q3SYG4,Q693A,Q96RK4
1,Q3SYG4,Q693A,Q9BXC9
1,Q3SYG4,Q693A,Q8NFJ9
0,Q3SYG4,Q748A,Q96RK4
1,Q3SYG4,Q748A,Q8NFJ9
1,Q3SYG4,Q748A,Q9BXC9
0,Q3SYG4,Q748K,Q96RK4
0,Q3SYG4,Q748K,Q9BXC9
1,Q3SYG4,Q748K,Q8NFJ9
0,Q3SYG4,Q798K,Q96RK4
1,Q3SYG4,Q798K,Q9BXC9
1,Q3SYG4,Q798K,Q8NFJ9
0,Q3SYG4,R674A,Q96RK4
1,Q3SYG4,R674A,Q8NFJ9
1,Q3SYG4,R674A,Q9BXC9
0,Q3SYG4,R678K,Q96RK4
1,Q3SYG4,R678K,Q9BXC9
1,Q3SYG4,R678K,Q8NFJ9
0,Q3SYG4,S723A,Q8NFJ9
1,Q3SYG4,S723A,Q96RK4
1,Q3SYG4,S723A,Q9BXC9
0,Q3SYG4,S723K,Q96RK4
1,Q3SYG4,S723K,Q9BXC9
1,Q3SYG4,S723K,Q8NFJ9
0,Q3SYG4,S745E,Q96RK4
1,Q3SYG4,S745E,Q9BXC9
0,Q3SYG4,S777E,Q96RK4
1,Q3SYG4,S777E,Q8NFJ9
1,Q3SYG4,S777E,Q9BXC9
0,Q3SYG4,S785A,Q9BXC9
1,Q3SYG4,S785A,Q8NFJ9
1,Q3SYG4,S785A,Q96RK4
0,Q3SYG4,S785K,Q96RK4
1,Q3SYG4,S785K,Q8NFJ9
1,Q3SYG4,S785K,Q9BXC9
0,Q3SYG4,T589A,Q96RK4
1,Q3SYG4,T589A,Q9BXC9
1,Q3SYG4,T589A,Q8NFJ9
0,Q3SYG4,T688A,Q9BXC9
1,Q3SYG4,T688A,Q96RK4
1,Q3SYG4,T688A,Q8NFJ9
0,Q3SYG4,T688E,Q9BXC9
1,Q3SYG4,T688E,Q96RK4
1,Q3SYG4,T688E,Q8NFJ9
0,Q3SYG4,T688K,Q8NFJ9
1,Q3SYG4,T688K,Q96RK4
1,Q3SYG4,T688K,Q9BXC9
0,Q3SYG4,T731E,Q96RK4
1,Q3SYG4,T731E,Q8NFJ9
1,Q3SYG4,T731E,Q9BXC9
0,Q3SYG4,V432E,Q8NFJ9
1,Q3SYG4,V432E,Q9BXC9
1,Q3SYG4,V432E,Q96RK4
0,Q3SYG4,V440K,Q96RK4
1,Q3SYG4,V440K,Q9BXC9
1,Q3SYG4,V440K,Q8NFJ9
0,Q3SYG4,V459A,Q96RK4
1,Q3SYG4,V459A,Q8NFJ9
1,Q3SYG4,V459A,Q9BXC9
0,Q3SYG4,V459E,Q8NFJ9
1,Q3SYG4,V459E,Q9BXC9
1,Q3SYG4,V459E,Q96RK4
0,Q3SYG4,V506E,Q96RK4
1,Q3SYG4,V506E,Q8NFJ9
1,Q3SYG4,V506E,Q9BXC9
0,Q3SYG4,V749E,Q8NFJ9
1,Q3SYG4,V749E,Q96RK4
1,Q3SYG4,V749E,Q9BXC9
0,Q3SYG4,V772A,Q9BXC9
1,Q3SYG4,V772A,Q96RK4
1,Q3SYG4,V772A,Q8NFJ9
0,Q3SYG4,V772E,Q96RK4
1,Q3SYG4,V772E,Q9BXC9
1,Q3SYG4,V772E,Q8NFJ9
0,Q3SYG4,V772K,Q96RK4
1,Q3SYG4,V772K,Q8NFJ9
1,Q3SYG4,V772K,Q9BXC9
0,Q3SYG4,V838A,Q96RK4
0,Q3SYG4,V838A,Q9BXC9
1,Q3SYG4,V838A,Q8NFJ9
0,Q3SYG4,V838E,Q96RK4
1,Q3SYG4,V838E,Q8NFJ9
1,Q3SYG4,V838E,Q9BXC9
0,Q3SYG4,V838K,Q8NFJ9
0,Q3SYG4,V838K,Q96RK4
1,Q3SYG4,V838K,Q9BXC9
1,Q3SYG4,W741A,Q96RK4
1,Q3SYG4,W741A,Q8NFJ9
0,Q53EZ4,A244P,P50995
1,Q53EZ4,A244P,Q9NP87
1,Q53EZ4,A244P,Q8WUM4
1,Q53EZ4,A244P,Q15561
1,Q53EZ4,A244P,O75419
1,Q53EZ4,A244P,Q15517
1,Q53EZ4,A244P,Q96I25
1,Q53EZ4,A244P,Q8N9N8
0,Q5H9J7,E74D,Q9Y6C2
1,Q5H9J7,E74D,P43361
0,Q5JVL4,P77T,Q9NRA8
0,Q5JVL4,P77T,P15884
0,Q5JVL4,P77T,Q04864
0,Q5JVL4,P77T,Q9UKT9
0,Q5JVL4,P77T,O96006
0,Q5JVL4,P77T,Q12933
0,Q5JVL4,P77T,Q8WVF5
0,Q5JVL4,P77T,Q8IYA8
0,Q5JVL4,P77T,Q9NSC5
0,Q5JVL4,P77T,Q5JST6
0,Q5JVL4,P77T,Q9UFD9
0,Q5JVL4,P77T,P19012
0,Q5JVL4,P77T,Q15654
0,Q5JVL4,P77T,Q08379
0,Q5JVL4,P77T,Q9NR46
1,Q5JVL4,P77T,Q8IYF3
0,Q5JVL4,T508R,P15884
0,Q5JVL4,T508R,Q9NRA8
0,Q5JVL4,T508R,Q04864
0,Q5JVL4,T508R,O96006
0,Q5JVL4,T508R,Q8IYA8
1,Q5JVL4,T508R,Q9UKT9
1,Q5JVL4,T508R,P19012
1,Q5JVL4,T508R,Q9NSC5
1,Q5JVL4,T508R,Q5JST6
1,Q5JVL4,T508R,Q12933
1,Q5JVL4,T508R,Q8IYF3
1,Q5JVL4,T508R,Q9NR46
1,Q5JVL4,T508R,Q8WVF5
1,Q5JVL4,T508R,Q15654
1,Q5JVL4,T508R,Q08379
1,Q5JVL4,T508R,Q9UFD9
0,Q5S007,D1994A,P26038
0,Q5S007,D1994A,P62906
0,Q5S007,D1994A,P62249
0,Q5S007,D1994A,P62750
0,Q5S007,D1994A,P61026
0,Q5S007,D1994A,O00429
0,Q5S007,D1994A,P62280
0,Q5S007,D1994A,P07195
0,Q5S007,D1994A,P61020
0,Q5S007,D1994A,P62841
0,Q5S007,D1994A,P42677
0,Q5S007,D1994A,P62266
0,Q5S007,D1994A,P23396
0,Q5S007,D1994A,P26373
0,Q5S007,D1994A,Q13501
0,Q5S007,D1994A,P49841
0,Q5S007,D1994A,P15880
0,Q5S007,D1994A,P50914
0,Q5S007,D1994A,P10415
0,Q5S007,D1994A,Q99962
1,Q5S007,D1994A,Q9UKV8
1,Q5S007,G2019S,Q13158
1,Q5S007,G2019S,Q05639
1,Q5S007,G2019S,P61020
1,Q5S007,G2019S,Q9UKV8
1,Q5S007,G2019S,P37840
1,Q5S007,G2019S,Q05193
1,Q5S007,G2019S,O00429
1,Q5S007,G2019S,P30048
1,Q5S007,G2019S,P49841
1,Q5S007,G2019S,P13473
1,Q5S007,G2019S,Q8N6T3
1,Q5S007,G2019S,P10636
1,Q5S007,G2019S,P15880
1,Q5S007,G2019S,P62841
1,Q5S007,G2019S,P62280
1,Q5S007,G2019S,P61026
1,Q5S007,G2019S,Q99961
1,Q5S007,G2019S,P07195
1,Q5S007,G2019S,Q99962
1,Q5S007,G2019S,Q8IVP1
1,Q5S007,G2019S,P10415
1,Q5S007,G2019S,P41220
1,Q5S007,G2019S,P61006
1,Q5S007,G2019S,P42677
1,Q5S007,G2019S,P26373
1,Q5S007,G2019S,Q13501
1,Q5S007,G2019S,Q9Y6I7
0,Q5S007,K1906M,Q14155
0,Q5S007,K1906M,Q05639
0,Q5S007,K1906M,P26038
1,Q5S007,K1906M,Q9UKV8
1,Q5S007,K1906M,P11142
1,Q5S007,K1906M,Q9UL15
0,Q5S007,R1441C,P63000
0,Q5S007,R1441C,P17612
1,Q5S007,R1441C,P52564
1,Q5S007,R1441C,O00429
1,Q5S007,R1441C,Q14155
1,Q5S007,R1441C,O14640
1,Q5S007,R1441C,Q13158
1,Q5S007,R1441C,P13473
1,Q5S007,R1441C,P04350
1,Q5S007,R1441C,P61020
1,Q5S007,R1441C,P07437
1,Q5S007,R1441C,Q8N6T3
1,Q5S007,R1441C,P26038
1,Q5S007,R1441C,P61006
1,Q5S007,R1441C,P63151
0,Q5S007,R1441G,P63104
0,Q5S007,R1441G,P27348
0,Q5S007,R1441G,P17612
1,Q5S007,R1441G,O14640
1,Q5S007,R1441G,P62136
1,Q5S007,R1441G,Q13501
1,Q5S007,R1441G,P61981
0,Q5S007,R1441H,P17612
1,Q5S007,R1441H,O14640
0,Q5T7P3,C16Y,P60369
0,Q5T7P3,C16Y,P60370
0,Q5T7P3,C16Y,P60409
0,Q5T7P3,C16Y,Q9BQ66
0,Q5T7P3,C16Y,P60411
0,Q5T7P3,C16Y,Q9BYQ2
0,Q5T7P3,C16Y,P60410
0,Q5T7P3,C16Y,Q9BYQ4
0,Q5T7P3,C16Y,P26371
0,Q5T7P3,C16Y,Q99750
1,Q5T7P3,C16Y,P60331
1,Q5T7P3,C16Y,P32242
1,Q5T7P3,C16Y,O43597
1,Q5T7P3,C16Y,O76081
1,Q5T7P3,C16Y,Q9BYR7
1,Q5T7P3,C16Y,Q7Z3S9
1,Q5T7P3,C16Y,P49639
1,Q5T7P3,C16Y,Q9BYR5
0,Q5XKE5,R213W,O76015
1,Q5XKE5,R213W,P13646
1,Q5XKE5,R213W,P19012
0,Q6FI81,A34E,Q9UHB4
1,Q6FI81,A34E,O76003
1,Q6NUQ1,S40C,Q8N720
0,Q6NX49,K406M,Q12933
1,Q6NX49,K406M,Q9GZM8
0,Q6PEW1,R7C,G5E962
1,Q6PEW1,R7C,Q12800
1,Q6PEW1,R7C,Q8ND90
1,Q6PEW1,R7C,P63165
0,Q6PEW1,T344I,G5E962
0,Q6PEW1,T344I,P63165
1,Q6PEW1,T344I,Q12800
1,Q6PEW1,T344I,Q8ND90
0,Q6PEX3,S26Y,P28799
1,Q6PEX3,S26Y,Q3V5L5
1,Q6PEX3,S26Y,Q8WTR4
1,Q6PEX3,S26Y,Q8IV13
0,Q6PJH3,D204N,Q16385
1,Q6PJH3,D204N,Q9H2G9
1,Q6PJH3,D204N,P52272
1,Q6PJH3,D204N,P43360
1,Q6PJH3,D204N,Q9Y5V3
0,Q6UWZ7,S406A,Q96RL1
0,Q6ZNJ1,R2172H,Q96N67
1,Q6ZNJ1,R2172H,Q08AM6
0,Q6ZP82,R828W,P24844
1,Q6ZP82,R828W,Q9NRI5
0,Q6ZSB9,Y320S,Q8NHQ1
1,Q6ZSB9,Y320S,Q9HD26
0,Q7L5A3,C381Y,Q9BUZ4
0,Q7L5A3,C381Y,Q13422
0,Q7L5A3,C381Y,Q8NHQ1
0,Q7L5A3,C381Y,P14373
0,Q7L5A3,C381Y,Q96EY1
1,Q7L5A3,C381Y,Q99750
0,Q7Z3B3,K104T,Q9BVG8
1,Q7Z3B3,K104T,Q12933
1,Q7Z3B3,K104T,P19012
1,Q7Z3B3,K104T,P14373
1,Q7Z3B3,K104T,Q01850
0,Q86WT6,N239K,P05496
1,Q86WT6,N239K,P43358
0,Q86Y13,M1032R,Q96LR5
0,Q86Y13,M1032R,Q9BQ04
0,Q86Y13,M1032R,P17028
0,Q86Y13,M1032R,Q8TBK6
1,Q86Y13,M1032R,Q9BUJ2
0,Q8IXL6,D478A,P05231
0,Q8IXL6,D478A,P02765
0,Q8IXL6,D478A,Q9NP70
0,Q8IXL6,D478A,P17936
0,Q8IXL6,D478A,P24593
0,Q8IXL6,D478A,Q02818
0,Q8IXL6,D478A,Q9NQ76
0,Q8IXL6,D478A,P02751
0,Q8IXL6,D478A,P08833
0,Q8IXL6,D478A,P02671
0,Q8IXL6,D478A,Q99217
0,Q8IXL6,D478A,P02810
0,Q8IXL6,D478A,P05814
0,Q8IXL6,D478A,Q96MK3
0,Q8IXL6,D478A,O76061
0,Q8IXL6,D478A,Q13316
0,Q8IXL6,D478A,Q9NRM1
0,Q8IXL6,D478A,Q6UX39
0,Q8IXL6,D478A,O43852
0,Q8IXL6,D478A,Q8NBP7
0,Q8IYF1,C254F,O43298
1,Q8IYF1,C254F,Q12933
1,Q8IYF1,C254F,Q13137
1,Q8IYF1,C254F,O14641
0,Q8IYF1,G505R,Q13137
1,Q8IYF1,G505R,O43298
1,Q8IYF1,G505R,Q12933
1,Q8IYF1,G505R,O14641
0,Q8IYM1,K73N,Q8WYJ6
1,Q8IYM1,K73N,Q99719
0,Q8IYM1,R311C,Q8WYJ6
1,Q8IYM1,R311C,Q99719
0,Q8IYX7,D118G,Q14192
1,Q8IYX7,D118G,P25791
1,Q8IYX7,D118G,Q13643
0,Q8IYX7,N464K,P25791
0,Q8IYX7,N464K,Q14192
1,Q8IYX7,N464K,Q13643
0,Q8IZ13,M248K,Q8WXB1
1,Q8IZ13,M248K,Q15742
1,Q8N423,D200A,Q9UKU9
0,Q8N423,G392D,Q86XS5
0,Q8N423,G392D,P17693
1,Q8N423,N202A,Q9UKU9
0,Q8N423,R59A,P17693
1,Q8N423,R59A,Q86XS5
0,Q8N423,T393E,P17693
0,Q8N423,T393E,Q86XS5
1,Q8N423,T393E,Q9UKU9
1,Q8N423,W90A,Q9UKU9
1,Q8N423,Y205A,Q9UKU9
0,Q8N423,Y61A,P17693
1,Q8N423,Y61A,Q86XS5
0,Q8N448,Y266C,Q96CV9
0,Q8N448,Y266C,Q05519
1,Q8N448,Y266C,P45984
0,Q8N5R6,P203L,O94929
0,Q8N5R6,P203L,P84022
1,Q8N5R6,P203L,P51451
1,Q8N5R6,P203L,Q9Y5V3
1,Q8N5R6,P203L,Q9NUQ8
1,Q8N5R6,P203L,O43741
1,Q8N5R6,P203L,Q6DKK2
0,Q8N6F1,L90P,Q9P0L9
1,Q8N6F1,L90P,O43889
0,Q8N895,S485G,Q8NHQ1
1,Q8N895,S485G,P25788
0,Q8N9W6,S9Y,P84101
1,Q8N9W6,S9Y,Q8WVV9
1,Q8N9W6,S9Y,O43251
0,Q8NB12,Q443R,Q8NCP5
1,Q8NB12,Q443R,O14503
1,Q8NB12,Q443R,Q8IX15
0,Q8NFT6,L199S,P36406
1,Q8NFT6,L199S,P14373
1,Q8NFT6,L199S,Q6UY14
1,Q8NFT6,L199S,Q8N344
0,Q8NI60,E551K,Q96HR9
0,Q8NI60,E551K,Q8WW34
0,Q8NI60,E551K,Q96B96
0,Q8NI60,E551K,Q9UBB9
0,Q8NI60,E551K,Q9UI14
0,Q8NI60,E551K,Q9Y371
0,Q8NI60,E551K,Q86UW9
1,Q8NI60,E551K,Q6RW13
1,Q8NI60,E551K,Q96DZ9
0,Q8NI60,G272V,Q8WW34
0,Q8NI60,G272V,Q9UBB9
0,Q8NI60,G272V,Q96B96
0,Q8NI60,G272V,Q96HR9
0,Q8NI60,G272V,Q9UI14
1,Q8NI60,G272V,Q6RW13
1,Q8NI60,G272V,Q86UW9
1,Q8NI60,G272V,Q96DZ9
1,Q8NI60,G272V,Q9Y371
0,Q8TAF8,T165M,Q9UJ14
1,Q8TAF8,T165M,O43889
1,Q8TAF8,T165M,Q8N6L0
0,Q8TAF8,Y127C,Q9UJ14
1,Q8TAF8,Y127C,O43889
1,Q8TAF8,Y127C,Q8N6L0
0,Q8TBB1,E295K,O95073
0,Q8TBB1,E295K,Q13155
0,Q8TBB1,E295K,Q96GX9
0,Q8TBB1,E295K,Q8N5Z5
0,Q8TBB1,E295K,P49247
0,Q8TBB1,E295K,Q9HAT0
0,Q8TBB1,E295K,Q7Z3S9
0,Q8TBB1,E295K,O43805
0,Q8TBB1,E295K,Q9BQ66
0,Q8TBB1,E295K,P49760
0,Q8TBB1,E295K,P21673
0,Q8TBB1,E295K,Q7Z6G3
0,Q8TBB1,E295K,Q12933
0,Q8TBB1,E295K,Q8IX15
0,Q8TBB1,E295K,Q96PN8
0,Q8TBB1,E295K,P55072
0,Q8TBB1,E295K,Q8WZ19
0,Q8TBB1,E295K,P0DJD3
0,Q8TBB1,E295K,Q719H9
0,Q8TBB1,E295K,Q9UJ70
0,Q8TBB1,E295K,Q9NTW7
0,Q8TBB1,E295K,Q9P209
0,Q8TBB1,E295K,Q8WZA1
0,Q8TBB1,E295K,Q9BYV2
0,Q8TBB1,E295K,Q96M61
0,Q8TBB1,E295K,P32321
0,Q8TBB1,E295K,O75506
0,Q8TBB1,E295K,Q13137
0,Q8TBB1,E295K,O43298
0,Q8TBB1,E295K,Q9NTM9
0,Q8TBB1,E295K,P62993
0,Q8TBB1,E295K,Q96BR9
0,Q8TBB1,E295K,Q5JR59
0,Q8TBB1,E295K,Q9ULA0
0,Q8TBB1,E295K,O75553
0,Q8TBB1,E295K,Q68D86
0,Q8TBB1,E295K,P53004
0,Q8TBB1,E295K,O75525
0,Q8TBB1,E295K,Q13643
0,Q8TBB1,E295K,Q8WXB1
0,Q8TBB1,E295K,Q96HT8
0,Q8TBB1,E295K,Q96CG3
0,Q8TBB1,E295K,Q9NWS6
0,Q8TBB1,E295K,O95751
0,Q8TBB1,E295K,Q9BYR5
0,Q8TBB1,E295K,O95544
0,Q8TBB1,E295K,Q8NC69
0,Q8TBB1,E295K,P36406
0,Q8TBB1,E295K,Q9Y5B8
0,Q8TBB1,E295K,Q07955
0,Q8TBB1,E295K,P19012
0,Q8TBB1,E295K,Q15102
0,Q8TBB1,E295K,Q15645
0,Q8TBB1,E295K,Q92997
1,Q8TBB1,E295K,P45984
0,Q8TCE9,M123T,P15884
0,Q8TCE9,M123T,P14136
0,Q8TCE9,M123T,Q9UKT9
0,Q8TCE9,M123T,Q9UJV3
1,Q8TCE9,M123T,Q04864
0,Q8TD31,W337R,Q8N6Y0
0,Q8TD31,W337R,Q9H257
0,Q8TD31,W337R,Q9H1Y0
0,Q8TD31,W337R,Q96I25
0,Q8TD31,W337R,P14373
0,Q8TD31,W337R,O75506
0,Q8TD31,W337R,P21673
0,Q8TD31,W337R,P40222
0,Q8TD31,W337R,Q86Y26
0,Q8TD31,W337R,Q9Y2J4
0,Q8TD31,W337R,Q8N3L3
0,Q8TD31,W337R,Q68D86
0,Q8TD31,W337R,P13646
0,Q8TD31,W337R,Q01850
0,Q8TD31,W337R,Q12933
0,Q8TD31,W337R,Q96PC5
0,Q8TD31,W337R,Q9Y6D9
0,Q8TD31,W337R,Q6P1W5
0,Q8TD31,W337R,Q9BZW7
0,Q8TD31,W337R,Q9Y3C0
0,Q8TD31,W337R,Q9UJV3
0,Q8TD31,W337R,Q9NYB9
0,Q8TD31,W337R,Q5JR59
0,Q8TD31,W337R,Q96K21
0,Q8TD31,W337R,Q5JST6
0,Q8TD31,W337R,Q96R06
0,Q8TD31,W337R,Q53EZ4
0,Q8TD31,W337R,Q969V4
0,Q8TD31,W337R,Q9GZM8
0,Q8TD31,W337R,O14777
0,Q8TD31,W337R,P06753
0,Q8TD31,W337R,Q9Y2D8
0,Q8TD31,W337R,Q08379
1,Q8TD31,W337R,Q15323
1,Q8TD31,W337R,Q96JN2
1,Q8TD31,W337R,P37198
1,Q8TD31,W337R,Q9NPJ6
1,Q8TD31,W337R,P19012
1,Q8TD31,W337R,Q9Y5B8
1,Q8TD31,W337R,Q6A162
1,Q8TD31,W337R,A1L4K1
1,Q8TD31,W337R,Q9UBB9
0,Q8WTR7,R605Q,Q15287
1,Q8WTR7,R605Q,Q3KQV3
1,Q8WTR7,R605Q,Q8WTP8
1,Q8WTR7,R605Q,Q9NWQ4
0,Q8WTU0,R208G,Q9NRJ3
1,Q8WTU0,R208G,O00167
1,Q8WTU0,R208G,Q9GZT8
1,Q8WTU0,R208G,Q06124
0,Q8WW24,A80V,P10276
1,Q8WW24,A80V,O95980
1,Q8WW24,A80V,Q9H1Y0
0,Q8WW24,C272S,P10276
1,Q8WW24,C272S,P43358
1,Q8WW24,C272S,Q15654
1,Q8WW24,C272S,O95980
0,Q8WWB5,A117V,P14136
1,Q8WWB5,A117V,Q14240
1,Q8WWB5,A117V,O00425
1,Q8WWB5,A117V,Q04864
1,Q8WWB5,A117V,Q13352
0,Q92567,P122R,Q15637
0,Q92567,P122R,Q13404
0,Q92567,P122R,Q8TF42
0,Q92567,P122R,Q96DC9
1,Q92567,P122R,P09234
0,Q969J2,G79R,P17028
1,Q969J2,G79R,Q9P0L1
1,Q969J2,G79R,Q9NX65
1,Q969J2,G79R,Q96IT1
0,Q96BY2,R57K,O95835
1,Q96BY2,R57K,Q96FV9
0,Q96C24,M646I,Q8NHQ1
1,Q96C24,M646I,Q9NP66
1,Q96CV9,A336G,Q9Y3C0
1,Q96CV9,A336G,Q15025
1,Q96CV9,A336G,Q9NTZ6
0,Q96CV9,E50K,P61006
1,Q96CV9,E50K,Q9UHD2
1,Q96CV9,E50K,Q9HA65
1,Q96CV9,E50K,Q9NTZ6
1,Q96CV9,E50K,Q9UJX2
1,Q96CV9,E50K,Q15025
1,Q96CV9,E50K,Q9Y3C0
1,Q96CV9,T202R,Q9Y3C0
1,Q96CV9,T202R,Q9NTZ6
1,Q96CV9,T202R,Q15025
0,Q96DA2,R177S,Q96T51
1,Q96DA2,R177S,Q08379
0,Q96EQ0,R292W,P40189
1,Q96EQ0,R292W,Q9Y5P3
1,Q96EQ0,R292W,O95967
0,Q96F86,F213L,P26196
1,Q96F86,F213L,Q5JST6
1,Q96F86,F213L,Q8IZD4
1,Q96F86,F213L,Q9UJ72
0,Q96GX9,M181V,O14787
1,Q96GX9,M181V,Q96HA8
1,Q96GX9,M181V,Q6ZVK8
1,Q96GX9,M181V,Q76G19
0,Q96HD9,R8Q,Q9H8W4
1,Q96HD9,R8Q,P60410
1,Q96HD9,R8Q,Q9H8Y8
1,Q96HD9,R8Q,P60369
0,Q96IK5,K281Q,Q96KS9
1,Q96IK5,K281Q,Q13618
1,Q96IK5,K281Q,Q8WTP9
1,Q96IK5,K281Q,O15344
0,Q96IK5,R457H,Q96KS9
1,Q96IK5,R457H,Q13618
1,Q96IK5,R457H,Q8WTP9
1,Q96IK5,R457H,O15344
1,Q96JS3,G244E,Q96IT1
1,Q96JS3,G244E,Q9NWS9
1,Q96JS3,G244E,P10073
1,Q96JS3,G244E,P57086
1,Q96JS3,G244E,P22736
1,Q96JS3,G244E,P50222
1,Q96JS3,G244E,P17028
1,Q96JS3,P256L,Q96IT1
1,Q96JS3,P256L,P50222
1,Q96JS3,P256L,P17028
1,Q96JS3,P256L,P57086
1,Q96JS3,P256L,P22736
1,Q96JS3,P256L,Q12933
1,Q96JS3,Q248E,P57086
1,Q96JS3,Q248E,P10073
1,Q96JS3,Q248E,Q9NWS9
1,Q96JS3,Q248E,Q96IT1
1,Q96JS3,Q248E,P22736
1,Q96JS3,Q248E,P17028
1,Q96JS3,Q248E,P50222
0,Q96LR2,Q207R,Q9UL45
0,Q96LR2,Q207R,Q9BT49
1,Q96LR2,Q207R,P06753
0,Q96MG7,F266A,Q9NXX6
1,Q96MG7,F266A,Q8WV22
0,Q96MG7,L264F,Q9NXX6
0,Q96MG7,L264F,Q96SB8
1,Q96MG7,L264F,Q8WV22
0,Q96MG7,L97A,Q8WV22
1,Q96MG7,L97A,Q9NXX6
0,Q96Q42,C157Y,Q15075
1,Q96Q42,C157Y,P20339
0,Q96Q42,G540E,Q15075
1,Q96Q42,G540E,P20339
0,Q96QG7,S126C,Q8TBB1
1,Q96QG7,S126C,Q9Y6C2
1,Q96QG7,S126C,Q9Y216
1,Q96QG7,S126C,P00540
1,Q96QG7,S126C,Q96EF0
0,Q96QU6,S393L,Q96QU6
1,Q96QU6,S393L,Q8TES7
0,Q96RK4,G277E,Q15154
1,Q96RK4,G277E,A8MTZ0
0,Q96T60,E326K,Q13554
0,Q96T60,E326K,O43759
0,Q96T60,E326K,P23508
0,Q96T60,E326K,Q8WV19
0,Q96T60,E326K,Q86WV7
0,Q96T60,E326K,Q49A88
0,Q96T60,E326K,Q15633
0,Q96T60,E326K,Q53G59
0,Q96T60,E326K,Q63ZY3
0,Q96T60,E326K,Q9NRD5
0,Q96T60,E326K,Q9NVV9
0,Q96T60,E326K,Q9UMD9
0,Q96T60,E326K,Q96PV4
0,Q96T60,E326K,Q8NCY6
0,Q96T60,E326K,Q9NS64
0,Q96T60,E326K,Q9UGQ2
0,Q96T60,E326K,Q8WW34
0,Q96T60,E326K,Q9BWT7
1,Q96T60,E326K,Q15025
1,Q96T60,E326K,O43829
1,Q96T60,E326K,Q86TI0
1,Q96T60,E326K,O60749
1,Q96T60,E326K,Q02446
1,Q96T60,E326K,Q13426
1,Q96T60,E326K,O43586
1,Q96T60,E326K,O94972
1,Q96T60,E326K,Q13422
1,Q96T60,E326K,Q99735
1,Q96T60,E326K,Q8N137
1,Q96T60,E326K,O43761
1,Q96T60,E326K,Q9UID6
1,Q96T60,E326K,P08247
1,Q96T60,E326K,Q8N9I5
0,Q99732,C137Y,Q96HR9
1,Q99732,C137Y,O14964
1,Q99732,C137Y,O95817
1,Q99732,C137Y,O75886
0,Q99758,Q215K,Q9UQV4
1,Q99758,Q215K,P27824
0,Q99986,K179E,P05412
0,Q99986,K179E,O60934
1,Q99986,K179E,P04637
0,Q9BPX1,G16W,Q92966
1,Q9BPX1,G16W,P25786
1,Q9BPX1,G16W,O43189
1,Q9BPX1,G16W,P35219
0,Q9BRG1,P58Q,Q04864
0,Q9BRG1,P58Q,P14373
1,Q9BRG1,P58Q,Q8IUI8
1,Q9BRG1,P58Q,Q96H20
0,Q9BT40,R437K,Q969F0
0,Q9BT40,R437K,Q15013
1,Q9BT40,R437K,Q15041
0,Q9BT49,E168D,Q99750
1,Q9BT49,E168D,Q08379
1,Q9BT49,E168D,Q13526
1,Q9BT49,E168D,Q01105
1,Q9BT49,E168D,Q12933
0,Q9BTV4,E142K,Q5JX71
0,Q9BTV4,E142K,Q8N5K1
0,Q9BTV4,E142K,Q3SXY8
1,Q9BTV4,E142K,Q96HH9
1,Q9BTV4,E142K,Q9UHP3
1,Q9BTV4,E142K,P02671
1,Q9BTV4,E142K,Q9Y5K3
1,Q9BTV4,E142K,Q6PEW1
0,Q9BTV4,E85K,Q3SXY8
0,Q9BTV4,E85K,Q5JX71
0,Q9BTV4,E85K,Q8N5K1
1,Q9BTV4,E85K,Q6PEW1
1,Q9BTV4,E85K,Q9UHP3
1,Q9BTV4,E85K,Q96HH9
1,Q9BTV4,E85K,P02671
1,Q9BTV4,E85K,Q9Y5K3
0,Q9BTV4,R28W,Q3SXY8
1,Q9BTV4,R28W,Q6PEW1
1,Q9BTV4,R28W,Q9UHP3
1,Q9BTV4,R28W,P02671
1,Q9BTV4,R28W,Q8N5K1
1,Q9BTV4,R28W,Q9Y5K3
1,Q9BTV4,R28W,Q5JX71
0,Q9BVN2,S614F,Q8IZU0
1,Q9BVN2,S614F,Q8ND90
1,Q9BVN2,S614F,Q93062
0,Q9BW66,R164H,Q96AJ1
1,Q9BW66,R164H,Q9H2G9
1,Q9BW66,R164H,Q8TES7
0,Q9BXC9,A459E,Q3SYG4
1,Q9BXC9,A459E,Q8IWZ6
0,Q9BXC9,A628K,Q8IWZ6
1,Q9BXC9,A628K,Q3SYG4
0,Q9BXC9,D450K,Q8IWZ6
1,Q9BXC9,D450K,Q3SYG4
0,Q9BXC9,D636K,Q8IWZ6
1,Q9BXC9,D636K,Q3SYG4
0,Q9BXC9,F460A,Q3SYG4
1,Q9BXC9,F460A,Q8IWZ6
0,Q9BXC9,F460E,Q3SYG4
1,Q9BXC9,F460E,Q8IWZ6
0,Q9BXC9,F469E,Q3SYG4
1,Q9BXC9,F469E,Q8IWZ6
0,Q9BXC9,F469K,Q3SYG4
1,Q9BXC9,F469K,Q8IWZ6
0,Q9BXC9,F472A,Q8IWZ6
1,Q9BXC9,F472A,Q3SYG4
0,Q9BXC9,F481A,Q3SYG4
1,Q9BXC9,F481A,Q8IWZ6
0,Q9BXC9,F501K,Q8IWZ6
1,Q9BXC9,F501K,Q3SYG4
0,Q9BXC9,F518E,Q3SYG4
1,Q9BXC9,F518E,Q8IWZ6
0,Q9BXC9,F518K,Q3SYG4
1,Q9BXC9,F518K,Q8IWZ6
0,Q9BXC9,F535E,Q3SYG4
1,Q9BXC9,F535E,Q8IWZ6
0,Q9BXC9,G375E,Q3SYG4
1,Q9BXC9,G375E,Q8IWZ6
0,Q9BXC9,G552E,Q3SYG4
1,Q9BXC9,G552E,Q8IWZ6
0,Q9BXC9,G688A,Q8IWZ6
1,Q9BXC9,G688A,Q3SYG4
0,Q9BXC9,G688E,Q8IWZ6
1,Q9BXC9,G688E,Q3SYG4
0,Q9BXC9,G688K,Q8IWZ6
0,Q9BXC9,H545K,Q8IWZ6
1,Q9BXC9,H545K,Q3SYG4
0,Q9BXC9,H607A,Q8IWZ6
1,Q9BXC9,H607A,Q3SYG4
0,Q9BXC9,I404K,Q8IWZ6
1,Q9BXC9,I404K,Q3SYG4
0,Q9BXC9,I441E,Q8IWZ6
1,Q9BXC9,I441E,Q3SYG4
0,Q9BXC9,I443A,Q3SYG4
1,Q9BXC9,I443A,Q8IWZ6
0,Q9BXC9,I443E,Q3SYG4
1,Q9BXC9,I443E,Q8IWZ6
0,Q9BXC9,I445K,Q3SYG4
1,Q9BXC9,I445K,Q8IWZ6
0,Q9BXC9,I503K,Q8IWZ6
1,Q9BXC9,I503K,Q3SYG4
0,Q9BXC9,I546E,Q3SYG4
1,Q9BXC9,I546E,Q8IWZ6
0,Q9BXC9,I679A,Q8IWZ6
1,Q9BXC9,I679A,Q3SYG4
0,Q9BXC9,I679E,Q8IWZ6
1,Q9BXC9,I679E,Q3SYG4
0,Q9BXC9,I679K,Q8IWZ6
1,Q9BXC9,I679K,Q3SYG4
0,Q9BXC9,K547E,Q8IWZ6
1,Q9BXC9,K547E,Q3SYG4
0,Q9BXC9,L383A,Q8IWZ6
1,Q9BXC9,L383A,Q3SYG4
0,Q9BXC9,L383E,Q8IWZ6
1,Q9BXC9,L383E,Q3SYG4
0,Q9BXC9,L402A,Q8IWZ6
1,Q9BXC9,L402A,Q3SYG4
0,Q9BXC9,L402E,Q3SYG4
1,Q9BXC9,L402E,Q8IWZ6
0,Q9BXC9,L455E,Q8IWZ6
0,Q9BXC9,L455K,Q3SYG4
1,Q9BXC9,L455K,Q8IWZ6
0,Q9BXC9,L478E,Q3SYG4
1,Q9BXC9,L478E,Q8IWZ6
0,Q9BXC9,L514E,Q3SYG4
1,Q9BXC9,L514E,Q8IWZ6
0,Q9BXC9,L514K,Q3SYG4
1,Q9BXC9,L514K,Q8IWZ6
0,Q9BXC9,L519E,Q8IWZ6
1,Q9BXC9,L519E,Q3SYG4
0,Q9BXC9,L544A,Q3SYG4
1,Q9BXC9,L544A,Q8IWZ6
0,Q9BXC9,L544K,Q8IWZ6
1,Q9BXC9,L544K,Q3SYG4
0,Q9BXC9,L610A,Q8IWZ6
1,Q9BXC9,L610A,Q3SYG4
0,Q9BXC9,L647A,Q8IWZ6
1,Q9BXC9,L647A,Q3SYG4
0,Q9BXC9,L647E,Q8IWZ6
1,Q9BXC9,L647E,Q3SYG4
0,Q9BXC9,L685A,Q8IWZ6
1,Q9BXC9,L685A,Q3SYG4
0,Q9BXC9,L685E,Q8IWZ6
1,Q9BXC9,L685E,Q3SYG4
0,Q9BXC9,M483E,Q3SYG4
1,Q9BXC9,M483E,Q8IWZ6
0,Q9BXC9,N380A,Q3SYG4
1,Q9BXC9,N380A,Q8IWZ6
0,Q9BXC9,N408A,Q3SYG4
1,Q9BXC9,N408A,Q8IWZ6
0,Q9BXC9,N517K,Q8IWZ6
1,Q9BXC9,N517K,Q3SYG4
0,Q9BXC9,N671E,Q8IWZ6
1,Q9BXC9,N671E,Q3SYG4
0,Q9BXC9,P447E,Q8IWZ6
1,Q9BXC9,P447E,Q3SYG4
0,Q9BXC9,P447K,Q8IWZ6
1,Q9BXC9,P447K,Q3SYG4
0,Q9BXC9,P479A,Q8IWZ6
1,Q9BXC9,P479A,Q3SYG4
0,Q9BXC9,Q508A,Q3SYG4
1,Q9BXC9,Q508A,Q8IWZ6
0,Q9BXC9,Q532A,Q8IWZ6
1,Q9BXC9,Q532A,Q3SYG4
0,Q9BXC9,R382A,Q3SYG4
1,Q9BXC9,R382A,Q8IWZ6
0,Q9BXC9,R382E,Q3SYG4
1,Q9BXC9,R382E,Q8IWZ6
0,Q9BXC9,R413K,Q3SYG4
1,Q9BXC9,R413K,Q8IWZ6
0,Q9BXC9,R506A,Q8IWZ6
1,Q9BXC9,R506A,Q3SYG4
0,Q9BXC9,R686A,Q8IWZ6
1,Q9BXC9,R686A,Q3SYG4
0,Q9BXC9,R686E,Q8IWZ6
1,Q9BXC9,R686E,Q3SYG4
0,Q9BXC9,S390E,Q3SYG4
1,Q9BXC9,S390E,Q8IWZ6
0,Q9BXC9,S439A,Q3SYG4
1,Q9BXC9,S439A,Q8IWZ6
0,Q9BXC9,S439E,Q3SYG4
1,Q9BXC9,S439E,Q8IWZ6
0,Q9BXC9,S440A,Q8IWZ6
1,Q9BXC9,S440A,Q3SYG4
0,Q9BXC9,S440E,Q8IWZ6
1,Q9BXC9,S440E,Q3SYG4
0,Q9BXC9,S474A,Q3SYG4
1,Q9BXC9,S474A,Q8IWZ6
0,Q9BXC9,S474K,Q3SYG4
1,Q9BXC9,S474K,Q8IWZ6
0,Q9BXC9,S482K,Q3SYG4
1,Q9BXC9,S482K,Q8IWZ6
0,Q9BXC9,S497A,Q3SYG4
1,Q9BXC9,S497A,Q8IWZ6
0,Q9BXC9,S605E,Q8IWZ6
1,Q9BXC9,S605E,Q3SYG4
0,Q9BXC9,T385A,Q3SYG4
1,Q9BXC9,T385A,Q8IWZ6
0,Q9BXC9,T385E,Q8IWZ6
1,Q9BXC9,T385E,Q3SYG4
0,Q9BXC9,V389E,Q3SYG4
1,Q9BXC9,V389E,Q8IWZ6
0,Q9BXC9,V430A,Q3SYG4
1,Q9BXC9,V430A,Q8IWZ6
0,Q9BXC9,V461E,Q3SYG4
1,Q9BXC9,V461E,Q8IWZ6
0,Q9BXC9,V461K,Q3SYG4
1,Q9BXC9,V461K,Q8IWZ6
0,Q9BXC9,V471A,Q3SYG4
1,Q9BXC9,V471A,Q8IWZ6
0,Q9BXC9,V499E,Q8IWZ6
1,Q9BXC9,V499E,Q3SYG4
0,Q9BXC9,V499K,Q8IWZ6
1,Q9BXC9,V499K,Q3SYG4
0,Q9BXC9,V510K,Q8IWZ6
1,Q9BXC9,V510K,Q3SYG4
0,Q9BXC9,W513E,Q8IWZ6
0,Q9BXC9,Y463A,Q8IWZ6
1,Q9BXC9,Y463A,Q3SYG4
0,Q9BXC9,Y484E,Q3SYG4
1,Q9BXC9,Y484E,Q8IWZ6
0,Q9BXC9,Y484K,Q3SYG4
1,Q9BXC9,Y484K,Q8IWZ6
0,Q9BXC9,Y644E,Q8IWZ6
1,Q9BXC9,Y644E,Q3SYG4
0,Q9BYU1,A247T,O94829
1,Q9BYU1,A247T,Q9UBB9
0,Q9GZQ8,F52A,Q9NT62
1,Q9GZQ8,F52A,Q8NAA4
1,Q9GZQ8,F52A,Q2TAZ0
1,Q9GZQ8,F52A,P40939
1,Q9GZQ8,F52A,Q9H1Y0
1,Q9GZQ8,F52A,Q9H0Y0
1,Q9GZQ8,F52A,Q5XPI4
1,Q9GZQ8,F52A,Q8WWW0
1,Q9GZQ8,F52A,Q86WH2
1,Q9GZQ8,F52A,Q8TF40
1,Q9GZQ8,F52A,O75323
1,Q9GZQ8,F52A,Q13188
0,Q9GZQ8,L53A,Q9NT62
1,Q9GZQ8,L53A,Q8NAA4
1,Q9GZQ8,L53A,Q2TAZ0
1,Q9GZQ8,L53A,P40939
1,Q9GZQ8,L53A,Q9H1Y0
1,Q9GZQ8,L53A,Q9H0Y0
1,Q9GZQ8,L53A,Q5XPI4
1,Q9GZQ8,L53A,Q8WWW0
1,Q9GZQ8,L53A,Q86WH2
1,Q9GZQ8,L53A,Q8TF40
1,Q9GZQ8,L53A,O75323
1,Q9GZQ8,L53A,Q13188
0,Q9GZT8,T324I,P14373
1,Q9GZT8,T324I,Q9NWS9
1,Q9GZT8,T324I,O76081
0,Q9H190,G225R,P0DMV0
0,Q9H190,G225R,O75400
0,Q9H190,G225R,Q15696
0,Q9H190,G225R,Q86SE8
0,Q9H190,G225R,Q15287
0,Q9H190,G225R,Q96MU7
0,Q9H190,G225R,Q9NX58
0,Q9H190,G225R,P09430
0,Q9H190,G225R,P48775
0,Q9H190,G225R,Q8TBK6
0,Q9H190,G225R,Q8NAV1
0,Q9H190,G225R,Q8N9E0
1,Q9H190,G225R,Q15102
0,Q9H190,G242R,Q8N9E0
0,Q9H190,G242R,P48775
0,Q9H190,G242R,Q8NAV1
0,Q9H190,G242R,Q15696
0,Q9H190,G242R,P0DMV0
0,Q9H190,G242R,Q96MU7
0,Q9H190,G242R,Q9NX58
0,Q9H190,G242R,Q86SE8
0,Q9H190,G242R,Q8TBK6
0,Q9H190,G242R,Q15287
0,Q9H190,G242R,P09430
0,Q9H190,G242R,O75400
1,Q9H190,G242R,Q15102
0,Q9H190,R223C,P20962
0,Q9H190,R223C,P05162
1,Q9H190,R223C,Q8NHU0
0,Q9H190,V182M,P09430
0,Q9H190,V182M,O75400
0,Q9H190,V182M,Q96MU7
0,Q9H190,V182M,P0DMV0
1,Q9H190,V182M,Q15102
1,Q9H190,V182M,Q15696
1,Q9H190,V182M,Q8TBK6
1,Q9H190,V182M,Q9NX58
1,Q9H190,V182M,Q86SE8
1,Q9H190,V182M,Q8NAV1
1,Q9H190,V182M,Q8N9E0
1,Q9H190,V182M,P48775
1,Q9H190,V182M,Q15287
0,Q9H1Y0,K58M,P55072
1,Q9H1Y0,K58M,Q8TD31
1,Q9H1Y0,K58M,Q14145
1,Q9H1Y0,K58M,Q8WW24
0,Q9H257,V385L,Q6NYC8
0,Q9H257,V385L,Q9Y4E8
0,Q9H257,V385L,Q7Z3I7
1,Q9H257,V385L,Q3B820
1,Q9H257,V385L,Q9P286
0,Q9H7H0,R212H,Q9UJV3
0,Q9H7H0,R212H,Q13137
0,Q9H7H0,R212H,Q9UBB9
1,Q9H7H0,R212H,Q13077
1,Q9H7H0,R212H,Q8ND90
1,Q9H7H0,R212H,Q15654
1,Q9H7H0,R212H,Q8NA61
1,Q9H7H0,R212H,Q99750
1,Q9H7H0,R212H,Q8NHQ1
1,Q9H7H0,R212H,Q6A162
1,Q9H7H0,R212H,Q15427
0,Q9H8Y8,L320R,P37198
0,Q9H8Y8,L320R,P30048
0,Q9H8Y8,L320R,P11926
0,Q9H8Y8,L320R,Q96HD9
0,Q9H8Y8,L320R,Q08117
1,Q9H8Y8,L320R,P15884
1,Q9H8Y8,L320R,Q5H9K5
1,Q9H8Y8,L320R,Q9UJV3
1,Q9H8Y8,L320R,Q08379
1,Q9H8Y8,L320R,Q96HR9
1,Q9H8Y8,L320R,Q17RB8
1,Q9H8Y8,L320R,Q6P1W5
1,Q9H8Y8,L320R,Q96PV4
1,Q9H8Y8,L320R,Q7L273
1,Q9H8Y8,L320R,Q9BUZ4
1,Q9H8Y8,L320R,P61457
1,Q9H8Y8,L320R,P60891
1,Q9H8Y8,L320R,Q12933
1,Q9H8Y8,L320R,P40222
1,Q9H8Y8,L320R,Q15041
1,Q9H8Y8,L320R,O76083
1,Q9H8Y8,L320R,O43829
1,Q9H8Y8,L320R,Q16555
1,Q9H8Y8,L320R,Q7L4P6
1,Q9H8Y8,L320R,Q494R4
1,Q9H8Y8,L320R,P02489
1,Q9H8Y8,L320R,Q14232
1,Q9H8Y8,L320R,P32321
1,Q9H8Y8,L320R,Q13077
1,Q9H8Y8,L320R,P49247
0,Q9H8Y8,S441C,P30048
1,Q9H8Y8,S441C,Q16555
1,Q9H8Y8,S441C,Q14232
1,Q9H8Y8,S441C,Q14565
1,Q9H8Y8,S441C,Q5H9K5
1,Q9H8Y8,S441C,P61457
1,Q9H8Y8,S441C,Q96HD9
1,Q9H8Y8,S441C,P02489
0,Q9HAN9,N273D,P24863
1,Q9HAN9,N273D,P52292
0,Q9HC98,R195C,Q7Z6G3
0,Q9HC98,R195C,Q5VWN6
0,Q9HC98,R195C,P36406
0,Q9HC98,R195C,Q9UKT9
1,Q9HC98,R195C,P15884
1,Q9HC98,R195C,Q0VD86
0,Q9NP86,T65R,P15884
1,Q9NP86,T65R,Q8TAP6
1,Q9NP86,T65R,Q0VD86
0,Q9NPC3,R104H,Q7L775
0,Q9NPC3,R104H,P54646
1,Q9NPC3,R104H,Q14145
1,Q9NPC3,R104H,P19012
0,Q9NPC3,Y106H,P19012
1,Q9NPC3,Y106H,Q7L775
1,Q9NPC3,Y106H,Q14145
1,Q9NPC3,Y106H,P54646
0,Q9NWV8,A120T,P14373
1,Q9NWV8,A120T,Q9NXR7
0,Q9NWW5,G123D,Q9BQA9
0,Q9NWW5,G123D,O14863
1,Q9NWW5,G123D,P43628
1,Q9NWW5,G123D,Q96BA8
1,Q9NWW5,G123D,Q8N386
1,Q9NWW5,G123D,Q3SXY8
1,Q9NWW5,G123D,Q8N5K1
1,Q9NWW5,G123D,Q8IV31
1,Q9NWW5,G123D,O00559
1,Q9NWW5,G123D,Q5T7V8
1,Q9NWW5,G123D,Q16623
1,Q9NWW5,G123D,Q7Z7G2
1,Q9NWW5,G123D,Q5JX71
1,Q9NWW5,G123D,P34910
1,Q9NWW5,G123D,P48165
1,Q9NWW5,G123D,O95471
0,Q9NWW5,L47F,Q9BQA9
0,Q9NWW5,L47F,O14863
1,Q9NWW5,L47F,O00559
1,Q9NWW5,L47F,Q96BA8
1,Q9NWW5,L47F,Q7Z7G2
1,Q9NWW5,L47F,Q5JX71
1,Q9NWW5,L47F,P34910
1,Q9NWW5,L47F,Q5T7V8
1,Q9NWW5,L47F,Q8N5K1
1,Q9NWW5,L47F,P43628
1,Q9NWW5,L47F,Q8N386
1,Q9NWW5,L47F,Q8IV31
1,Q9NWW5,L47F,Q16623
1,Q9NWW5,L47F,Q3SXY8
1,Q9NWW5,L47F,P11912
0,Q9NWW5,R6T,Q9BQA9
0,Q9NWW5,R6T,O95471
1,Q9NWW5,R6T,Q3SXY8
1,Q9NWW5,R6T,Q7Z7G2
1,Q9NWW5,R6T,P11912
1,Q9NWW5,R6T,Q8N5K1
1,Q9NWW5,R6T,Q8N386
1,Q9NWW5,R6T,O00559
1,Q9NWW5,R6T,Q5T7V8
1,Q9NWW5,R6T,Q96BA8
1,Q9NWW5,R6T,Q16623
1,Q9NWW5,R6T,P34910
1,Q9NWW5,R6T,O14863
1,Q9NWW5,R6T,P43628
1,Q9NWW5,R6T,Q8IV31
1,Q9NWW5,R6T,P48165
0,Q9NXW9,R239C,Q9BUZ4
1,Q9NXW9,R239C,Q86UW9
0,Q9NYB9,E202K,Q96HT8
0,Q9NYB9,E202K,P18206
0,Q9NYB9,E202K,O00560
1,Q9NYB9,E202K,Q8IY31
1,Q9NYB9,E202K,Q5T5P2
1,Q9NYB9,E202K,P61978
1,Q9NYB9,E202K,P30405
1,Q9NYB9,E202K,P37198
1,Q9NYB9,E202K,Q96CN9
1,Q9NYB9,E202K,Q5ST30
1,Q9NYB9,E202K,P35900
1,Q9NYB9,E202K,Q08117
1,Q9NYB9,E202K,Q9UBB9
1,Q9NYB9,E202K,Q15323
1,Q9NYB9,E202K,P54646
1,Q9NYB9,E202K,Q13131
1,Q9NYB9,E202K,A7KAX9
1,Q9NYB9,E202K,Q9NSC5
1,Q9NYB9,E202K,P13646
1,Q9NYB9,E202K,O43186
1,Q9NYB9,E202K,O60941
1,Q9NYB9,E202K,Q15654
1,Q9NYB9,E202K,P50552
1,Q9NYB9,E202K,O14964
1,Q9NYB9,E202K,O75886
1,Q9NYB9,E202K,Q15154
1,Q9NYB9,E202K,O43516
1,Q9NYB9,E202K,Q8IYA8
1,Q9NYB9,E202K,Q13049
1,Q9NYB9,E202K,O43639
1,Q9NYB9,E202K,Q9BVG8
1,Q9NYB9,E202K,O15372
1,Q9NYB9,E202K,P19012
1,Q9NYB9,E202K,P08727
1,Q9NYB9,E202K,Q8TD31
1,Q9NYB9,E202K,Q9UL45
1,Q9NYB9,E202K,P25791
1,Q9NYB9,E202K,Q13526
1,Q9NYB9,E202K,Q68D86
1,Q9NYB9,E202K,Q9Y3C0
1,Q9NYB9,E202K,O43281
1,Q9NYB9,E202K,Q9H6L4
0,Q9NYB9,R373C,Q9BVG8
1,Q9NYB9,R373C,Q8IYA8
1,Q9NYB9,R373C,O75886
1,Q9NYB9,R373C,P50552
1,Q9NYB9,R373C,Q9Y3C0
1,Q9NYB9,R373C,P61978
1,Q9NYB9,R373C,O43186
1,Q9NYB9,R373C,Q9UBB9
1,Q9NYB9,R373C,Q15654
1,Q9NYB9,R373C,O43639
1,Q9NYB9,R373C,P37198
1,Q9NYB9,R373C,Q13049
1,Q9NYB9,R373C,Q96HT8
1,Q9NYB9,R373C,O00560
1,Q9NYB9,R373C,Q15323
1,Q9NYB9,R373C,P54646
1,Q9NYB9,R373C,P19012
1,Q9NYB9,R373C,Q08117
1,Q9NYB9,R373C,Q8TD31
1,Q9NYB9,R373C,O60941
1,Q9NYB9,R373C,Q68D86
1,Q9NYB9,R373C,P25791
1,Q9NYB9,R373C,Q8IY31
1,Q9NYB9,R373C,P18206
1,Q9NYB9,R373C,P13646
1,Q9NYB9,R373C,Q9UL45
1,Q9NYB9,R373C,P08727
1,Q9NYB9,R373C,Q15154
1,Q9NYB9,R373C,O43281
1,Q9NYB9,R373C,Q9NSC5
1,Q9NYB9,R373C,Q13131
1,Q9NYB9,R373C,O14964
1,Q9NYB9,R373C,P35900
1,Q9NYB9,R373C,Q13526
0,Q9NZ01,P182L,Q8N4V1
0,Q9NZ01,P182L,P15941
0,Q9NZ01,P182L,Q5JX71
0,Q9NZ01,P182L,Q00059
0,Q9NZ01,P182L,Q9BUF7
0,Q9NZ01,P182L,P27105
0,Q9NZ01,P182L,O00258
0,Q9NZ01,P182L,Q3ZAQ7
0,Q9NZ01,P182L,Q9GZR5
0,Q9NZ01,P182L,O00501
0,Q9NZ01,P182L,Q5SR56
0,Q9NZ01,P182L,Q9Y282
0,Q9NZ01,P182L,P11912
0,Q9NZ01,P182L,Q3SXY8
0,Q9NZ01,P182L,Q8TBB6
0,Q9NZ01,P182L,B0YJ81
1,Q9NZ01,P182L,O15173
1,Q9NZ01,P182L,Q6ZVE7
1,Q9NZ01,P182L,Q8N5M9
1,Q9NZ01,P182L,Q3KNW5
1,Q9NZ01,P182L,Q86WV6
0,Q9NZD8,A180T,P04271
0,Q9NZD8,A180T,P02489
1,Q9NZD8,A180T,Q6RW13
1,Q9NZD8,A180T,Q12933
1,Q9NZD8,A180T,Q9NQC3
1,Q9NZD8,A180T,Q53H80
1,Q9NZD8,A180T,Q99081
1,Q9NZD8,A180T,Q96HR9
1,Q9NZD8,A180T,Q9NTM9
1,Q9NZD8,A180T,Q7Z698
0,Q9P0N9,L67W,Q9UJC3
0,Q9P0N9,L67W,O43805
0,Q9P0N9,L67W,P08727
1,Q9P0N9,L67W,Q9BUZ4
0,Q9UHB4,P281L,Q9BT92
1,Q9UHB4,P281L,Q5JR59
0,Q9UHD9,P506T,P51991
1,Q9UHD9,P506T,P09651
1,Q9UHD9,P506T,Q00839
0,Q9UHJ9,T160I,Q9Y624
0,Q9UHJ9,T160I,A8MQ03
0,Q9UHJ9,T160I,Q86WK6
0,Q9UHJ9,T160I,O95471
0,Q9UHJ9,T160I,Q4KMG9
0,Q9UHJ9,T160I,Q8N6L0
1,Q9UHJ9,T160I,Q8WWF3
1,Q9UHJ9,T160I,Q13113
1,Q9UHJ9,T160I,Q7Z7G2
1,Q9UHJ9,T160I,Q13323
1,Q9UHJ9,T160I,Q9HCJ2
1,Q9UHJ9,T160I,P21964
1,Q9UHJ9,T160I,Q5JX71
1,Q9UHJ9,T160I,Q8N5K1
1,Q9UHJ9,T160I,Q8TDT2
1,Q9UHJ9,T160I,P48165
1,Q9UHJ9,T160I,Q3SXY8
1,Q9UHJ9,T160I,Q8TED1
1,Q9UHJ9,T160I,Q9Y282
1,Q9UHJ9,T160I,P36382
1,Q9UHJ9,T160I,Q99675
1,Q9UHJ9,T160I,Q9P0T7
0,Q9UI47,V94D,P14923
0,Q9UI47,V94D,Q8N6Y0
0,Q9UI47,V94D,P35222
0,Q9UI47,V94D,Q13416
0,Q9UI47,V94D,Q9BYV2
0,Q9UI47,V94D,Q9BW62
0,Q9UI47,V94D,Q14140
0,Q9UI47,V94D,Q9UPG8
0,Q9UI47,V94D,P15173
0,Q9UI47,V94D,Q15742
0,Q9UI47,V94D,Q8N2Z9
0,Q9UI47,V94D,O60844
0,Q9UI47,V94D,O43482
0,Q9UI47,V94D,A0A1U9X8X8
0,Q9UI47,V94D,G5E9W6
0,Q9UI47,V94D,Q9NRI5
0,Q9UI47,V94D,Q496A3
0,Q9UI47,V94D,Q9Y6H3
0,Q9UI47,V94D,Q9BRX5
0,Q9UI47,V94D,Q9H2G9
0,Q9UI47,V94D,Q8WW18
0,Q9UI47,V94D,P01282
0,Q9UI47,V94D,P85299
0,Q9UI47,V94D,Q9H707
0,Q9UI47,V94D,Q6PJH3
1,Q9UI47,V94D,P19237
1,Q9UI47,V94D,Q04864
1,Q9UI47,V94D,Q9H992
1,Q9UI47,V94D,Q99959
1,Q9UI47,V94D,Q5VWN6
1,Q9UI47,V94D,Q96MY7
1,Q9UI47,V94D,Q9Y446
1,Q9UI47,V94D,Q9H9E3
1,Q9UI47,V94D,Q96PV4
1,Q9UI47,V94D,Q8WWY6
1,Q9UI47,V94D,Q9UJ68
1,Q9UI47,V94D,Q93045
1,Q9UI47,V94D,P26367
0,Q9UJX0,S236L,Q99081
0,Q9UJX0,S236L,Q9UKT9
1,Q9UJX0,S236L,P15884
1,Q9UJX0,S236L,P20807
1,Q9UJX0,S236L,O14770
0,Q9UK55,D95A,P22891
1,Q9UK55,D95A,P00742
1,Q9UK55,E404A,P00742
0,Q9UKT9,N119D,O00459
1,Q9UKT9,N119D,O43741
1,Q9UKT9,N119D,Q5JVL4
1,Q9UKT9,N119D,P55273
1,Q9UKT9,N119D,Q9Y4C2
1,Q9UKT9,N119D,Q5T7W7
1,Q9UKT9,N119D,Q8TCE9
1,Q9UKT9,N119D,O94929
1,Q9UKT9,N119D,Q9Y6H1
1,Q9UKT9,N119D,O15160
1,Q9UKT9,N119D,P25800
1,Q9UKT9,N119D,Q9UJX0
1,Q9UKT9,N119D,O75934
1,Q9UKT9,N119D,Q96T49
1,Q9UKT9,N119D,Q99471
1,Q9UKT9,N119D,Q9NQT4
1,Q9UKT9,N119D,Q8IYI6
1,Q9UKT9,N119D,Q9HC98
1,Q9UKT9,N119D,Q9H6L4
1,Q9UKT9,N119D,Q6PF18
1,Q9UKT9,N119D,Q9NU19
1,Q9UKT9,N119D,O75771
1,Q9ULR3,D288A,Q99879
1,Q9ULR3,D288A,P62805
1,Q9ULR3,D288A,O00763
1,Q9ULR3,D288A,Q13085
1,Q9ULR3,D288A,O15371
1,Q9ULR3,D288A,P51153
1,Q9ULR3,D288A,Q15286
1,Q9ULR3,D288A,O14966
1,Q9ULR3,D288A,Q5JR12
1,Q9ULR3,D288A,Q5S007
1,Q9ULR3,D288A,Q92930
1,Q9ULR3,D288A,P62820
1,Q9ULR3,D288A,Q9H0U4
1,Q9ULR3,D288A,P51149
1,Q9ULR3,D288A,P51148
1,Q9ULR3,D288A,P61020
1,Q9ULR3,D288A,P20339
0,Q9UM82,L443F,P14373
0,Q9UM82,L443F,Q12933
1,Q9UM82,L443F,Q08379
0,Q9UMX2,R193Q,P11926
1,Q9UMX2,R193Q,Q9H2G9
1,Q9UMX2,R193Q,Q6P1W5
1,Q9UMX2,R193Q,O14977
0,Q9UMX2,V174A,Q6P1W5
0,Q9UMX2,V174A,Q9H2G9
0,Q9UMX2,V174A,P11926
1,Q9UMX2,V174A,O14977
0,Q9UNE7,K30A,P31749
0,Q9UNE7,K30A,P07900
1,Q9UNE7,K30A,P08107
0,Q9UPQ8,Y441S,Q5JX71
0,Q9UPQ8,Y441S,Q9HCJ2
0,Q9UPQ8,Y441S,Q8TBG9
0,Q9UPQ8,Y441S,Q9H9P2
0,Q9UPQ8,Y441S,Q92838
0,Q9UPQ8,Y441S,Q92624
0,Q9UPQ8,Y441S,P17658
0,Q9UPQ8,Y441S,Q96B21
1,Q9UPQ8,Y441S,P48165
1,Q9UPQ8,Y441S,P11912
1,Q9UPQ8,Y441S,Q92536
0,Q9Y2U5,K385M,P0CG48
0,Q9Y3B2,P10L,P15884
0,Q9Y3B2,P10L,Q04864
0,Q9Y3B2,P10L,Q9NQT4
1,Q9Y3B2,P10L,Q6UY14
0,Q9Y3C0,F44L,Q9NYB9
1,Q9Y3C0,F44L,O75506
1,Q9Y3C0,F44L,Q96EZ8
1,Q9Y3C0,F44L,Q96CV9
1,Q9Y3C0,F44L,Q15154
1,Q9Y3C0,F44L,P40222
1,Q9Y3C0,F44L,Q9UL45
1,Q9Y3C0,F44L,Q8N0S2
1,Q9Y3C0,F44L,Q8IY31
1,Q9Y3C0,F44L,Q96AQ6
1,Q9Y3C0,F44L,O14777
0,Q9Y4L5,D276N,P51668
1,Q9Y4L5,D276N,Q15038
0,Q9Y4X0,R207G,Q13137
1,Q9Y4X0,R207G,Q93062
1,Q9Y4X0,R207G,Q6UY14
0,Q9Y530,D125A,Q53GL7
0,Q9Y5W5,I155R,P41221
1,Q9Y5W5,I155R,O00755
0,Q9Y6W8,Y180F,P27986
1,Q9Y6W8,Y180F,Q9UHD2
