Mutation_Effect_Label,UniProt_ID,Mutation,Interactor_UniProt_ID,Template_sequence_identity,Alignment_score,Interactor_template_sequence_identity,Interactor_alignment_score,Final_ddG,ProtBert_score,ProteinSolver_score,EL2_score,Model/DOPE_score,Provean_score,Matrix_score,Solvent_accessibility_wt,Solvent_accessibility_mut,pcv_vdW_wt,pcv_vdW_mut,pcv_vdW_self_wt,pcv_vdW_self_mut,dg_wt,backbone_hbond_wt,sidechain_hbond_wt,van_der_waals_wt,electrostatics_wt,solvation_polar_wt,solvation_hydrophobic_wt,van_der_waals_clashes_wt,entropy_sidechain_wt,entropy_mainchain_wt,torsional_clash_wt,backbone_clash_wt,helix_dipole_wt,electrostatic_kon_wt,energy_ionisation_wt,number_of_residues_wt,dg_mut,backbone_hbond_mut,sidechain_hbond_mut,van_der_waals_mut,electrostatics_mut,solvation_polar_mut,solvation_hydrophobic_mut,van_der_waals_clashes_mut,entropy_sidechain_mut,entropy_mainchain_mut,torsional_clash_mut,backbone_clash_mut,helix_dipole_mut,electrostatic_kon_mut,energy_ionisation_mut,number_of_residues_mut,IntraclashesEnergy1_wt,IntraclashesEnergy1_mut,IntraclashesEnergy2_wt,IntraclashesEnergy2_mut,Interface_hydrophobic_area,Interface_hydrophilic_area,Interface_total_area,Interface_contact_distance_wt,Interface_contact_distance_mut
0,Q9BPZ3,F118A,P11940,1.0,1.0,1.0,0.96875,1.2197,-0.09227252565324306,0.032482780516147614,-0.9762564045989828,-0.0856706,-5.895,-3.0,87.7403,87.4451,9,9,12,12,2.70676,-0.266491,-3.98655,-15.155999999999999,-0.14740699999999998,20.7266,-21.7147,4.78484,8.95785,6.46583,0.9893569999999999,7.86222,-0.278791,-0.0582163,0.00648973,118.0,2.71474,-0.266491,-3.98655,-14.8466,-0.195798,20.5612,-21.2499,4.6743,8.66263,6.40925,0.8992829999999999,7.83847,-0.278791,-0.0582163,0.00648973,118.0,5.30636,3.79101,52.4675,52.4675,427.775,194.715,622.495,3.35293,3.35293
0,P01116,E37G,P50749,0.9277,0.931315,0.3553,0.1725,2.47058,0.999486677996174,0.03467300161719322,2.8207295482249903,-0.703858,-5.816,-3.0,30.9448,52.2707,4,0,29,0,-13.305,-9.84228,-15.6823,-21.9611,-6.0370099999999995,34.1599,-25.0727,4.3417900000000005,16.8417,7.7979699999999985,1.42032,2.87997,0.724634,-2.38003,0.0,329.0,-11.6837,-9.837069999999999,-14.8868,-21.5961,-4.79447,33.2955,-24.8328,4.2999800000000015,15.8893,8.21237,1.3942700000000001,2.8454200000000003,0.724634,-1.9364599999999998,0.0,329.0,45.0313,44.5169,70.2449,70.2449,464.47,400.03,864.505,2.63614,3.21798
0,Q96QK1,F534D,Q9UBQ0,1.0,0.360743,1.0,0.994505,2.69571,0.2882971949657076,0.2245582938194275,1.9569694812476832,-1.33638,-7.553,-4.0,40.9905,45.5458,22,14,38,22,-19.1928,-1.6092899999999999,-7.5971,-21.7622,-1.3575,23.5257,-30.64,2.89945,10.3308,3.79186,0.896574,4.96596,0.0900078,-0.265302,0.12013800000000001,453.0,-17.8647,-1.59372,-6.69698,-21.1446,-3.8038300000000014,25.171999999999997,-29.3222,2.28367,10.4944,3.75609,0.881402,4.93296,0.0900078,-0.488576,0.123608,453.0,68.2108,68.1971,59.2321,59.1774,510.69,298.82,809.51,3.03938,3.24435
0,O43521-3,G66A,P10415,0.8077,0.6071479999999999,0.4611,0.457246,0.510358,-0.04451984912157059,0.9185263514518738,0.14716062617038886,-1.34046,-4.158,0.0,44.2443,51.5203,0,17,0,21,-23.6583,-3.3479400000000004,-4.35816,-19.0029,-2.63917,18.3427,-28.4392,5.7847800000000005,7.4535300000000015,0.4109680000000001,0.79147,4.497730000000002,-0.616416,-0.4218810000000001,0.0,229.0,-22.675,-3.3447699999999996,-4.35816,-19.0137,-2.67928,18.127,-28.6773,7.354660000000001,7.37025,0.4109680000000001,0.789605,4.18595,-0.616416,-0.4218810000000001,0.0,229.0,5.88486,6.57183,93.3738,93.3738,414.305,244.975,659.285,3.55303,3.19191
1,Q13418,Q362H,Q9NVD7,0.9925,0.9710540000000001,1.0,0.96124,0.621791,0.20618874579668,0.00784223666414618,0.552781565700324,-1.4557200000000001,-3.94,1.0,58.6051,76.60600000000002,8,12,26,17,-18.3918,-5.01799,-3.31167,-18.2883,-2.48829,18.9528,-25.8466,0.24282800000000002,9.94145,5.33599,0.910602,3.97707,-0.396156,-0.91317,0.10271199999999996,391.0,-18.6447,-5.01799,-3.31167,-18.7501,-2.48829,19.445999999999998,-26.4744,0.242896,10.1388,5.46429,0.923895,4.27325,-0.396156,-0.91317,0.107314,391.0,60.0769,60.0643,33.8017,33.8017,406.135,174.195,580.33,3.39874,3.39874
0,Q9BV40,L16P,O15400-2,0.9815,0.530509,0.9833,0.248101,1.84121,0.2129059574872372,0.2345452904701233,2.5255238468841887,-1.38907,-6.858,-3.0,63.2821,49.6948,8,5,24,25,-34.1168,-2.3319099999999997,-3.87259,-23.9219,-1.4787,17.0225,-41.658,2.2757400000000003,16.2273,0.399928,1.0235,3.50146,0.0739118,-0.505662,0.24514,114.0,-33.1616,-2.43085,-3.87259,-23.574,-1.4787,17.1145,-40.7897,2.30558,16.0194,0.399928,0.9956450000000001,3.56483,0.0257335,-0.505662,0.24514,114.0,11.2435,12.9796,10.9601,10.9601,700.76,240.21,940.97,3.62186,3.748180000000001
1,P11802,R24C,P55273,0.7123,0.697905,0.8688,0.84372,0.921988,0.7342028864659369,0.8842637538909912,1.585040263402781,-0.726433,-6.472,-4.0,46.3552,26.1447,12,12,32,32,-16.9692,-6.2517,-7.4222199999999985,-16.2369,-6.20846,26.2635,-19.3493,1.26594,5.6794,2.62953,0.935217,4.47219,0.37856799999999996,-1.08175,0.044935699999999995,451.0,-14.0824,-6.09713,-5.96111,-14.9518,-3.8018300000000003,23.6128,-18.7575,1.2380200000000001,5.15802,2.6331599999999997,0.856258,4.45709,0.27882399999999996,-0.71897,0.044935699999999995,451.0,67.5138,67.3854,37.7288,37.7457,299.485,231.675,531.165,2.71228,5.22845
0,Q9HAU5,F1171E,Q92900,0.6064,0.34018200000000004,0.9809,0.975641,1.98492,-0.046054020524025,0.0018359981477260605,-0.971419051035289,1.02084,-8.387,-4.0,48.5783,43.6341,25,24,22,22,150.262,-6.93958,-11.1693,-44.6724,-0.485483,71.357,-62.7695,158.851,20.8987,10.6475,13.8628,87.1444,-0.9734149999999999,-0.776008,0.0467635,257.0,150.385,-6.93958,-11.1693,-44.9225,0.06802799999999999,72.07300000000002,-62.9822,157.554,21.8756,10.7354,13.2085,87.2506,-0.9734149999999999,-0.572684,0.0467635,257.0,103.55,101.009,103.798,103.399,0.0,0.0,0.0,3.11652,3.11652
1,Q969J2,G79R,Q96IT1,0.6444,0.614394,0.625,0.55,-0.0941584,0.0,0.0,0.0,-2.23601,4.583,-3.0,25.4846,50.1385,0,5,0,30,-50.717,-4.9648400000000015,-12.0949,-28.6364,-3.71347,20.4143,-49.0537,5.97595,21.8186,0.70181,0.941776,4.57211,-0.828239,-1.27791,2.77556e-17,185.0,-51.0295,-4.99821,-12.0949,-28.7681,-3.97126,20.5171,-49.222,5.9993300000000005,21.9853,0.70181,0.941776,4.5336,-0.651125,-1.46929,2.77556e-17,185.0,20.2257,20.325,12.6355,12.6355,778.23,317.79,1096.02,4.87775,3.8904
0,Q9UH99,S641E,Q8WXH0-2,1.0,0.994924,0.8333,0.348263,1.44652,0.9563500177755492,0.6042090539121999,2.06900403880764,-0.384403,-3.714,0.0,14.6803,19.7477,2,3,26,32,-9.21084,-8.853810000000003,-3.82943,-13.7532,-1.31585,19.2537,-18.1897,1.6348200000000002,4.63198,8.59736,0.320041,1.68342,0.0,-0.150908,0.0601543,222.0,-4.48447,-8.00481,-2.9809900000000003,-13.8505,0.356402,20.3382,-18.2712,1.69723,4.64871,8.59736,0.388082,1.6982700000000002,0.0,0.152975,0.0601543,222.0,36.6483,36.9573,2.30836,2.30836,380.93,189.38,570.31,2.83812,3.01294
0,Q9Y4K3,L74H,P61088,1.0,1.0,1.0,0.973684,1.50793,0.0729256980121136,0.121017893776298,0.44419675376326,-0.601846,-5.207000000000002,-3.0,77.6308,76.4527,20,21,18,18,-5.03757,-1.20954,-1.6668599999999998,-7.578189999999997,-1.88068,7.6833399999999985,-11.1922,2.89535,4.06269,2.11665,0.405957,2.36524,-0.120119,-0.93796,5.55112e-17,245.0,-4.21339,-1.21267,-1.7194599999999998,-7.8493,-1.93635,8.86697,-10.7295,2.85031,4.18835,1.52103,0.405586,2.38355,-0.120119,-0.93796,0.075699,245.0,19.3684,19.3526,29.5865,29.5865,248.92,161.845,410.76,3.74029,3.36396
0,P62805,R37A,Q71DI3,1.0,0.8912620000000001,0.991667,0.892083,1.37569,0.9959856578843757,0.05785926431417465,1.87453395772744,-0.421525,-5.7,-2.0,70.9656,56.9191,12,11,25,19,-63.4364,-13.285,-12.42,-47.7085,-2.53914,39.8736,-77.1049,10.9605,29.0864,5.94306,2.56765,10.0979,-0.408937,-0.785083,-5.55112e-17,222.0,-63.6506,-13.3228,-12.42,-47.2687,-2.43303,39.4418,-76.6913,10.845999999999998,28.4996,5.94306,2.55241,10.3091,-0.445064,-0.7367060000000001,-5.55112e-17,222.0,32.9171,32.7124,23.1303,23.1303,1167.28,460.855,1628.15,2.92278,3.46282
0,P38919,H223D,P61326,1.0,0.578005,1.0,0.979452,1.78477,0.7530884551815692,0.131022770074196,0.950788681975103,-1.02645,-4.914,-2.0,47.6797,50.3242,14,11,35,24,-4.53625,-1.2665,-4.38398,-10.5655,-2.94789,17.2612,-14.0125,0.987664,5.52012,2.31109,0.778564,2.29385,0.0860282,-1.05997,0.371364,369.0,-1.20106,-1.25219,-4.34516,-9.92301,-0.787844,16.6016,-13.1011,0.8281430000000001,5.8807199999999975,2.32044,0.701721,2.14457,0.0860282,-0.594437,0.0,369.0,68.1393,68.0011,26.7876,26.7876,293.21,237.895,531.105,2.98278,2.98774
0,Q15013,F191A,Q13257,0.8584,0.691752,0.9949,0.95632,2.6347,-0.04062523692846298,0.08211667835712433,0.34319104861461863,-0.911115,-7.064,-3.0,18.9835,56.8948,11,11,44,19,-15.3662,-3.77325,-6.4498,-19.0712,-4.52281,25.9323,-23.8878,0.609055,12.5927,3.3359699999999997,0.5100319999999999,2.81792,-0.9196549999999999,-2.11603,0.0103027,416.0,-14.5346,-3.8588199999999997,-6.4498,-18.8318,-4.52281,25.9868,-23.3851,0.6417039999999999,12.6848,3.3359699999999997,0.505877,3.16154,-0.9196549999999999,-2.11603,0.0103027,416.0,44.9394,44.7803,53.16,53.16,379.1,353.575,732.675,3.05514,3.05514
0,Q13241,Q112A,P17693,0.2414,0.258891,0.6407,0.653822,-0.265805,0.015044733881950378,0.03963572159409523,-0.7192833568251368,0.412008,-1.933,-1.0,64.4904,44.0778,8,6,14,13,4.30235,-1.57336,-6.15906,-20.038,-1.39519,31.8702,-25.8687,2.92217,15.2195,6.46475,0.478317,3.22864,-0.0777182,0.035688,0.0397722,387.0,4.45674,-1.57336,-6.15906,-19.9466,-1.39519,31.8369,-25.7092,2.9039200000000003,15.1922,6.44744,0.477946,3.22864,-0.0777182,0.035688,0.0397722,387.0,71.758,71.7362,153.637,153.637,0.0,388.64,0.0,5.24554,5.24554
0,P01112,T35S,Q13671-2,0.3086,0.321095,0.2908,0.253758,0.641713,0.999433292192407,-0.028090376406907997,1.94853055162586,-0.415135,-3.157,1.0,67.8311,73.6982,1,0,15,14,-15.3356,-5.44153,-15.3465,-21.6118,-1.1861700000000002,29.5017,-28.4059,6.5695,13.181,4.66046,0.950803,3.77464,-0.805125,0.213932,-5.55112e-17,328.0,-15.3146,-5.44153,-15.3465,-21.7068,-1.1797,29.5834,-28.6587,6.6593899999999975,13.4013,4.62099,0.960819,3.83965,-0.805125,0.213932,-5.55112e-17,328.0,156.157,155.686,59.3034,59.3034,545.435,330.175,875.61,3.0006,3.0006
0,Q53EL6,D253A,P60842-2,0.9379,0.921931,0.9776,0.8800020000000001,0.695775,0.9879683458129876,0.7939257621765137,2.5331667716356896,-0.759901,-7.524,-2.0,83.3757,76.6894,22,17,13,11,-12.6999,-5.37274,-12.9069,-23.6013,-6.15254,37.2284,-28.2402,5.97779,17.5092,5.51674,0.8764069999999999,6.82976,-3.81176,-2.22273,0.114074,616.0,-12.4541,-5.36031,-11.3666,-22.7878,-4.7443599999999995,34.1403,-27.7333,4.63523,16.9124,5.4744800000000025,0.81038,6.6878699999999975,-3.1375599999999997,-1.79634,0.114074,616.0,84.5244,84.5239,118.057,118.057,597.385,557.485,1154.87,2.29767,2.75995
0,Q99558,K430A,O14920-3,0.97,0.961881,0.2785,0.264194,0.678092,-0.009491011500358582,0.07251781970262527,0.049914917226365374,0.18459,-4.995,-1.0,20.1999,28.4842,0,0,39,27,-1.26145,-1.48767,-3.14608,-8.00577,-3.97131,13.4397,-8.640830000000001,0.488357,4.09614,3.6612699999999996,0.932506,0.8885059999999999,-0.00231547,-1.01482,0.00535964,556.0,-1.44813,-1.48767,-3.14608,-7.99068,-4.06481,13.4077,-8.63468,0.487947,4.08207,3.65007,0.932557,0.8885059999999999,-0.00231547,-1.07154,0.00535964,556.0,72.8233,72.5772,278.95,278.95,0.0,0.0,0.0,5.95033,6.15032
1,P42773,T69A,Q00534,0.4645,0.450335,1.0,0.963333,1.32645,-0.0404121596366167,0.0166569910943508,-0.900290968867124,-0.680712,-1.462,0.0,48.2569,46.5364,3,3,19,19,-7.39347,-6.3182800000000015,-8.96707,-15.8411,-5.00335,26.7048,-18.9425,5.39759,8.00745,4.4135800000000005,1.28576,4.1811300000000005,0.270947,-0.794756,0.00943358,455.0,-6.04874,-6.3182800000000015,-7.49613,-15.5221,-5.07601,26.2886,-18.596,5.2861699999999985,7.644139999999997,4.57554,1.20793,4.1622,0.273897,-0.70994,0.00943358,455.0,53.3858,53.2789,62.18,62.1807,315.075,253.54,568.615,2.68282,3.75254
1,Q13794,F32I,Q92843-2,1.0,0.462963,0.2593,0.233364,-0.411134,0.00159599632024765,0.15583783388137815,0.4384506242753649,-0.674791,2.254,-1.0,56.2211,46.8746,21,22,30,21,-19.8434,-5.65981,-6.56044,-18.7725,-2.15049,18.61,-27.4477,6.4790300000000025,11.7425,1.44371,0.8926059999999999,5.68714,-0.766809,-0.037493599999999995,0.0,185.0,-19.2729,-5.65612,-6.56044,-18.4894,-2.02509,18.4409,-27.2678,6.5605199999999995,11.809000000000001,1.44371,0.963664,5.59356,-0.775079,-0.10078200000000001,0.0,185.0,3.57464,3.92922,61.1582,61.1598,431.105,282.85,713.96,3.11201,3.54976
0,Q96F10,R126C,P21673,0.4556,0.47998,1.0,0.994152,-0.402073,0.2041390696540475,0.057367514818906784,1.3915786304335178,-0.546441,-5.809,-4.0,30.051,46.9513,14,14,36,36,-58.6561,-24.956999999999997,-13.7046,-70.282,-5.6909300000000025,84.9606,-98.7746,13.73,32.6028,18.0009,4.73321,16.915,0.08640700000000001,-2.0420700000000003,0.297104,339.0,-58.176,-25.0814,-13.8436,-70.3299,-4.93435,84.4789,-99.007,13.7377,33.2033,17.9455,4.6424400000000015,16.9163,0.022643200000000002,-1.69133,0.297104,339.0,58.499,57.2913,44.2903,44.2903,1726.21,723.565,2449.77,3.31886,3.02838
0,P61587,L90R,O43157-2,0.4556,0.4775140000000001,0.9439,0.839225,0.8588030000000001,0.9608134884038008,0.312974362401292,2.30922766296927,-0.998441,-5.352,-3.0,80.6549,72.4052,27,23,15,19,-6.9017399999999975,-3.12087,-4.82768,-11.0077,-0.122264,11.7039,-16.4102,4.59272,4.52374,4.257619999999998,1.31418,2.20513,-0.0730464,-0.141622,0.0255062,753.0,-7.756189999999999,-4.61742,-6.3840900000000005,-11.1204,-1.24168,13.0801,-15.2665,4.6273,5.23832,4.6151,1.39946,2.2126,-0.0203886,-0.475516,0.0255062,753.0,72.9645,73.0714,117.307,117.307,416.64,117.955,534.59,3.12854,2.68241
1,Q15019,H270D,Q14141-3,0.8088,0.794978,0.8419,0.818331,0.362312,0.9876766463276,0.05707811191678047,1.401440720605006,0.674296,-8.617,-2.0,49.8689,42.8583,8,3,26,23,33.6687,-4.8369300000000015,-7.4386199999999985,-35.1376,-1.74738,57.3951,-45.6368,37.8288,12.0967,13.4836,5.5328300000000015,12.7241,-0.10745999999999999,-0.192467,0.0362897,515.0,33.5869,-4.8369300000000015,-7.43003,-34.847,-1.8147400000000002,57.1811,-45.2951,37.8265,12.0838,13.2499,5.45711,12.6425,-0.10745999999999999,-0.28926799999999997,0.0163247,515.0,179.07299999999995,178.955,166.237,166.237,0.0,0.0,0.0,3.24912,3.72351
0,P04049,R89L,P15056,0.5417,0.508153,0.9577,0.920904,-0.228175,0.940215982845984,-0.106239475309849,1.51944605827295,-0.895249,-6.024,-3.0,45.8454,35.9804,0,0,38,39,-0.975243,-0.270878,-1.5879,-5.6459,-1.09754,6.937989999999999,-6.6926,0.26865900000000004,3.97837,0.921646,0.112424,0.450662,0.00505729,-0.28859,-5.55112e-17,145.0,-1.11682,-0.270878,-1.5879,-5.61025,-1.17518,6.81475,-6.68243,0.26865900000000004,4.07132,0.923604,0.112424,0.450662,0.00505729,-0.370002,-5.55112e-17,145.0,19.4028,19.3462,14.5056,14.5056,151.165,86.3,237.465,5.1056599999999985,7.026960000000001
1,P50616,Y50N,Q9UIV1,1.0,0.982906,1.0,0.961832,1.35277,0.06921257264912127,0.025981605052947998,-0.6827931714013903,-1.26482,-4.392,-3.0,67.922,85.0245,11,11,20,20,-7.9077,-5.91256,-9.42107,-12.133,-5.06758,21.2957,-14.8503,0.441935,11.4805,6.00023,0.04575030000000002,4.81329,-0.9148370000000001,-1.41717,0.160752,367.0,-6.4394,-5.91012,-9.42107,-11.5581,-5.06176,21.1105,-13.8392,0.396503,11.3019,6.2832,0.046081800000000006,4.79903,-0.9148370000000001,-1.41717,0.160752,367.0,34.6189,33.3292,59.6439,60.0489,273.54,217.52,491.06,3.41821,4.30774
0,P25815,I12A,P23297,0.5222,0.5173479999999999,0.6778,0.6643819999999999,1.3890799999999999,0.4368796218186621,0.334639237145893,1.3689404841648,-1.82024,-4.539,-2.0,57.1272,48.7658,21,21,19,19,-36.8624,-4.40655,-7.662839999999999,-24.112,-1.08611,20.093,-39.5617,4.29598,12.2689,0.6727390000000001,1.1901,4.09684,-1.22936,0.225046,0.06631820000000001,188.0,-35.175,-4.25287,-6.44359,-23.6466,-1.0447,19.8754,-38.675,4.60091,11.4713,0.569563,0.924551,4.1261199999999985,-1.22936,0.225046,0.06631820000000001,188.0,16.848,16.745,27.8759,27.0813,667.92,288.795,956.72,3.12595,3.24298
1,P60891,D183H,Q14558-2,0.9746,0.966664,0.4261,0.446999,1.39989,0.9964623058913276,0.06854194402694702,1.5637913296964074,-0.7137600000000001,-6.2120000000000015,-2.0,68.7528,70.6884,13,13,19,19,69.0919,-6.19775,-12.8007,-35.8512,-3.2450200000000002,61.4918,-47.4856,77.5238,22.0112,8.6266,3.38617,18.0998,-0.754628,-0.346876,0.35014,662.0,68.6944,-5.581119999999999,-12.2322,-35.826,-2.99531,60.423,-47.6583,77.3261,22.0035,8.27127,3.3662400000000003,18.0516,-0.754628,-0.37221,0.339975,662.0,105.344,105.388,337.101,337.101,964.645,543.47,1508.11,2.93041,3.79537
0,Q9HCG8,N171A,P38919,1.0,0.611529,0.9949,0.995155,2.71382,0.9708994734100996,0.8110190033912659,1.8913020765079185,-1.43354,-7.419,-2.0,85.9787,80.9274,19,10,13,11,-11.8577,-7.8356600000000025,-13.4495,-18.2443,-1.14435,27.5276,-21.3954,6.51818,11.5925,3.87048,1.1722700000000001,5.7466300000000015,-2.0327599999999997,-0.820825,0.0,635.0,-9.625539999999999,-6.16466,-11.8867,-17.2546,-1.14733,25.9528,-20.726999999999997,6.4554199999999975,10.9393,3.5183400000000002,1.1584,5.64356,-2.0327599999999997,-0.820825,0.0,635.0,58.4704,58.4546,85.7874,85.7874,365.895,330.04,695.935,2.67573,2.8025900000000004
0,Q9BZW8,K68A,P09326,0.4206,0.42526899999999995,0.4857,0.466554,0.00413428,0.0400858521461487,0.13063259469345198,1.22840484666727,-0.41303999999999996,-0.32299999999999995,-1.0,42.32899999999999,35.8467,7,0,30,18,-2.7767,-4.768759999999999,-4.5735800000000015,-12.482000000000001,-4.21971,22.4165,-14.8287,0.9349799999999999,6.9913,5.2401,0.279541,3.89433,0.0,-0.229631,0.0791982,215.0,-1.93651,-4.77234,-3.37364,-11.8106,-2.84032,19.6554,-14.2885,0.913819,6.4766699999999995,5.40524,0.262898,3.89433,0.0,-0.015572299999999999,0.066365,215.0,37.3652,37.2084,34.5267,34.5267,195.925,206.935,402.865,3.13201,5.93057
0,P55957,D95A,Q07817,0.95,0.0976923,0.4256,0.442962,3.92915,-0.03064655512571335,0.354295551776886,0.5525959230153311,0.475711,-7.647,-2.0,69.882,60.3119,15,15,17,17,-8.11287,-1.46864,-5.28289,-16.8189,-4.50591,23.0179,-23.5836,6.32824,9.50677,2.06717,1.26789,5.09202,-0.30835,-0.7751520000000001,0.058634800000000015,220.0,-7.2786100000000005,-1.39503,-3.79837,-16.0356,-3.4091099999999996,20.1597,-23.1024,6.19576,8.83495,2.08676,1.1832799999999999,5.00839,0.150201,-0.5914020000000001,0.058634800000000015,220.0,5.8524,5.75488,273.607,273.607,444.38,282.86,727.24,2.77456,3.35569
0,Q16665,P564G,Q96KS0-2,1.0,0.5,0.6818,0.676195,2.80496,0.005494624376296997,0.03750032186508179,0.7183410647847195,-1.09501,-8.041,-3.0,93.9647,90.1579,38,0,7,0,-18.4007,-9.765189999999999,-6.66458,-24.1197,-5.78389,31.1938,-34.85,10.5519,10.5379,6.9149899999999995,2.15061,7.1405,0.136569,-1.11563,0.0284529,245.0,-16.1698,-9.765189999999999,-6.49379,-23.5727,-5.49636,30.8114,-33.3651,10.0863,10.2805,7.79293,2.1188,7.1858,0.136569,-1.11563,0.0284529,245.0,4.28514,4.28551,123.877,123.877,612.085,298.67,910.755,2.7105,2.7105
1,P46527,Y88A,P07948,1.0,1.0,0.2995,0.220239,4.13722,-0.0265686251223087,0.12479333858936999,1.42752382907184,0.43196,-7.84,-2.0,73.518,68.7364,38,9,23,19,-28.0196,-9.55295,-8.65405,-33.1347,-4.024719999999999,39.3345,-45.3765,7.49406,14.6517,10.415999999999999,1.55465,4.09618,-0.11286900000000001,-0.6147600000000001,0.0,326.0,-24.0128,-8.53256,-7.70263,-31.4812,-4.07116,37.8437,-43.0825,7.29683,14.6328,10.3535,1.45792,4.43799,-0.11286900000000001,-0.6147600000000001,0.0,326.0,21.5127,21.5108,119.97200000000001,119.97200000000001,734.83,492.8,1227.63,2.71422,3.0736
0,Q92900,V205I,Q9HAU5,0.9809,0.975641,0.6064,0.34018200000000004,-0.361472,0.019418349489569664,0.027123190462589264,-0.5288610852003323,1.02084,-0.918,3.0,28.9718,22.8496,19,22,38,49,151.309,-6.93958,-11.1674,-44.8414,-0.493076,71.2616,-63.3417,160.751,21.0073,10.6555,13.7364,86.9049,-0.9734149999999999,-0.776008,0.0467635,257.0,152.466,-6.93958,-11.2004,-44.3253,-0.493076,70.3906,-62.5477,162.751,20.9218,10.4781,12.7498,86.725,-0.9734149999999999,-0.776008,0.0467635,257.0,103.406,109.168,105.735,105.735,0.0,0.0,0.0,2.4403,2.28919
0,Q8N5H7-2,L469R,P56945-4,0.9940000000000001,0.9943,1.0,0.581498,0.559952,0.033729080110788345,0.5973008275032043,1.305770777710715,-1.0789,-5.813,-3.0,31.9092,45.495,24,30,32,23,-5.56864,-0.166497,-2.06411,-6.06655,-0.48303599999999997,6.1700300000000015,-9.166160000000001,0.652144,2.42295,0.28894899999999996,0.295827,0.71343,-0.0608982,0.20088499999999998,0.023832,300.0,-0.256398,-0.8447709999999999,-6.01474,-6.88695,0.254544,8.61567,-8.7785,5.64229,4.04851,0.329169,0.83929,0.822642,-0.034485,0.170679,0.0188988,300.0,40.1116,41.5475,24.8844,26.0923,140.455,94.99,235.435,3.43036,1.92233
0,P02671,C184W,P02675,1.0,0.8620690000000001,1.0,0.992574,2.88619,0.031111940741538998,0.9992236811124259,1.48913570244121,0.0497609,-10.62,-3.0,54.3502,69.8892,12,12,14,14,-53.0374,-5.56139,-17.7427,-50.4421,-5.62568,49.8596,-76.1893,11.538,35.3759,9.70215,1.3985299999999998,12.7003,0.026637900000000003,-1.80805,0.0,552.0,-48.057,-5.59649,-17.7487,-51.0631,-5.62391,50.5147,-77.2953,14.4062,35.3826,9.92631,1.4002,13.0365,0.026637900000000003,-1.80805,0.0,552.0,24.8271,25.9662,149.387,150.377,1368.61,633.03,2001.64,2.03821,2.93972
1,P26715,V213A,P13747,0.2883,0.286411,0.6778,0.688808,-1.05699,-0.01741871424019337,0.019569337368011475,-0.7196012064879027,-0.0040167,0.491,0.0,43.2494,44.2246,6,6,22,18,5.00384,-2.55545,-7.54369,-13.3454,-0.501272,18.9328,-16.9394,8.46241,10.7745,4.071359999999999,0.972306,2.3609400000000003,0.0741793,0.217442,8.881780000000002e-16,387.0,5.7107,-2.5455200000000002,-7.54369,-12.9362,-0.501272,18.6385,-16.2102,8.31243,10.6841,4.54521,0.591734,2.02719,0.0741793,0.217442,8.881780000000002e-16,387.0,90.5635,89.068,89.4617,89.4617,0.0,0.0,0.0,3.0938,3.0938
0,Q9Y376,M260E,Q9P289-3,1.0,0.982405,0.29,0.26245300000000005,1.84654,0.9877662135859282,0.1035258024930954,1.4847530627112169,-0.48889499999999997,-6.46,-2.0,19.6771,14.1652,15,9,36,38,-10.057,-8.18708,-12.1864,-24.326999999999998,-4.1487300000000005,31.3956,-32.5585,16.2548,13.0137,7.74673,2.2698400000000003,5.98997,-0.839865,-0.874144,-5.55112e-17,550.0,-8.76448,-8.23635,-12.1864,-23.9883,-4.12775,31.874000000000002,-31.8258,16.0502,13.095,7.64703,2.20795,6.11414,-0.839865,-0.818054,-5.55112e-17,550.0,88.8528,88.7118,168.532,168.532,669.335,393.66,1062.99,2.37708,2.37708
1,P07195,R172P,P00338-3,0.7321,0.392612,0.9722,0.423556,1.87822,0.8740038272080709,0.8113785386085509,2.528842723536713,-0.8646590000000001,-5.608,-2.0,31.5441,11.7131,4,4,41,41,-24.1033,-2.48882,-6.76695,-19.0852,-3.83011,22.0904,-27.5573,1.82824,8.731530000000001,1.37884,0.623551,6.55028,-0.801512,-0.734052,0.12412100000000001,316.0,-23.5426,-2.4047099999999997,-6.76695,-18.6166,-3.8444199999999995,21.5294,-27.0981,1.9427900000000002,8.50403,1.55251,0.580231,6.45142,-0.666138,-0.762838,0.12412100000000001,316.0,43.2735,47.8899,43.7393,43.7393,414.27,169.06,583.325,3.20352,5.37421
0,Q15836,L53P,O15400-2,0.9701,0.6509689999999999,0.375,0.122899,0.809513,0.9836655715917004,0.14270545542240146,2.90958183321217,-0.279024,-7.0,-3.0,61.2547,53.4907,2,3,22,22,-36.6288,-3.11479,-10.3927,-29.9532,0.379197,23.718000000000004,-50.1128,5.35302,23.4911,0.231143,1.24719,5.48614,-0.2096780000000001,0.277694,0.0730304,151.0,-36.3216,-3.1591,-10.3927,-29.8634,0.379197,23.816999999999997,-49.8364,5.317830000000002,23.4058,0.231143,1.25403,5.51427,-0.2096780000000001,0.277694,0.0730304,151.0,13.2997,17.9471,10.1881,10.1881,786.57,402.8,1189.36,4.44814,4.44814
0,P15056,I666R,Q02750,0.3686,0.379034,0.8972,0.8698229999999999,4.10995,0.0686536916109617,0.00549991987645626,1.43512551274796,0.235476,-5.928999999999999,-3.0,27.3759,28.7949,20,20,42,43,17.4004,-3.27278,-4.850619999999998,-18.5535,-2.04229,29.1049,-22.6532,20.2458,8.37579,7.057289999999999,1.80575,9.6858,0.731016,-0.931784,0.0,602.0,17.2058,-3.28557,-4.93423,-19.0242,-2.15626,30.5866,-22.5914,19.1437,8.275910000000001,7.04897,1.78479,9.94027,0.956905,-0.983418,0.0,602.0,216.321,218.735,165.36900000000003,165.362,0.0,276.03,0.0,2.7822400000000003,3.20428
0,O14893,R213D,Q16637-4,1.0,0.735178,1.0,0.115556,2.12739,0.03517182171344757,0.1928568333387375,0.099232746930307,-0.019165900000000003,-4.93,-2.0,93.1089,90.3141,14,9,12,12,-6.4609,-0.6576310000000001,-2.98696,-11.5424,-0.429096,12.5036,-16.5953,0.993657,7.83767,2.30881,0.242179,2.44124,-0.338057,-0.24862399999999998,0.06730030000000001,212.0,-5.00824,-0.6576310000000001,-2.98696,-11.3271,-0.750149,13.485999999999999,-16.01,0.9949540000000001,7.55462,2.4121099999999998,0.242443,2.55079,-0.371586,-0.0461701,0.06730030000000001,212.0,28.8231,28.695,2.42473,2.42473,351.375,138.82,490.19,3.82826,3.05795
0,Q71DI3,R64A,P62805,0.991667,0.892083,1.0,0.8912620000000001,1.16345,0.9941337426607788,0.010975883342325687,2.0274746202127374,-0.421525,-5.7410000000000005,-2.0,83.9341,58.3126,2,2,17,17,-62.8541,-13.2931,-12.1599,-47.8198,-2.58409,40.3388,-77.1491,10.9176,29.2587,5.94418,2.56085,10.097999999999999,-0.4240350000000001,-0.8280649999999999,5.55112e-17,222.0,-63.1749,-13.2678,-12.1599,-47.8108,-2.73522,40.3077,-77.1491,10.8929,29.3411,5.94418,2.56196,10.0944,-0.49491,-0.9889979999999999,5.55112e-17,222.0,22.6326,22.5082,32.9171,32.9171,1167.28,460.855,1628.15,5.08779,5.08779
0,Q13133,E441A,Q15788,0.7613,0.53078,1.0,0.197531,2.80167,0.8802146911621094,0.16693644225597382,1.861609930644027,-1.01491,-5.188,-1.0,82.3427,73.2944,21,21,17,17,-17.1524,-1.44917,-2.73212,-12.3659,-1.6283100000000001,12.0251,-21.1553,0.6992149999999999,8.02309,0.671022,0.35349899999999995,2.7983700000000002,-1.36721,-0.8874549999999999,0.277049,290.0,-14.8738,-0.790782,-2.14095,-11.2187,-0.819384,8.7474,-19.7739,0.724588,7.3090699999999975,0.665998,0.279561,2.25999,0.2210010000000001,-0.539959,0.0782563,290.0,146.401,146.395,1.68304,1.52773,361.135,140.105,501.245,3.17728,2.64511
0,Q8N423,Y61A,P17693,0.9892,0.98974,0.9963,0.992821,1.56256,0.27452417975291604,0.6963672847195991,1.6244248502132401,-0.438747,-5.17,-2.0,32.9467,41.5067,13,1,35,15,-6.1883,-0.343789,-2.9108400000000003,-6.4904699999999975,-1.1245399999999999,7.5133,-8.99566,0.562376,4.81968,1.1640700000000002,0.235823,1.2242,0.00234305,-0.620594,0.0,364.0,-4.87565,-0.28931999999999997,-2.89163,-6.04499,-1.0254299999999998,7.1714,-8.34023,0.550095,4.76382,1.65773,0.191147,1.22547,0.00234305,-0.620594,0.0,364.0,20.4997,20.4739,53.2088,53.1811,153.325,75.895,229.22,3.75702,5.38115
0,Q9UJM3,F352A,P00533,1.0,0.483871,0.993,0.863124,4.29226,-0.0390266627073288,0.7527087414491691,2.0805731741751496,-0.805142,-7.6629999999999985,-3.0,58.7875,46.8461,25,25,23,23,-18.3696,-10.076,-7.64735,-21.6866,-0.483169,26.7956,-29.3406,4.10635,9.73858,6.95135,1.3485,5.30655,-0.139751,-0.320563,0.0,316.0,-16.7928,-10.0021,-7.581139999999999,-20.6524,-0.54752,26.5122,-27.6025,3.5859,9.54826,6.97213,1.05077,5.13364,-0.139751,-0.320563,0.0,316.0,8.63611,8.61098,87.4532,87.325,524.985,258.98,783.96,2.78517,2.78517
0,Q15788,L694A,Q13133-2,1.0,0.197531,0.5649,0.365163,2.51642,0.0292732045054436,0.382520540617406,0.52185780815853,-0.129924,-4.513999999999999,-2.0,78.9975,72.7354,32,6,19,15,-10.6731,-1.52635,-1.05923,-14.3508,-1.7340099999999998,18.9171,-23.2748,2.7793799999999997,8.23926,2.2128799999999997,1.20949,3.36235,-1.3421100000000001,-0.808028,0.0641601,310.0,-8.94207,-1.5427,-0.9272290000000001,-13.245,-1.73472,18.149,-20.9923,2.6865200000000002,7.394439999999999,2.14811,1.2077799999999999,3.42979,-1.3421100000000001,-0.808028,0.0641601,310.0,2.5484299999999998,2.54847,385.216,385.219,0.0,0.0,0.0,3.1118900000000003,3.81884
0,Q13257,Y199A,Q12834,0.4635,0.4592310000000001,0.5244,0.52577,1.08123,-0.04507987666875124,0.11032458394765854,-0.7053673032065751,-0.30717300000000003,-7.399,-2.0,10.3592,7.505510000000001,6,6,46,46,70.6196,-7.73718,-17.3118,-37.1214,-1.44623,63.034,-42.2261,71.7821,19.2839,13.0952,8.05006,30.8778,-0.5508310000000001,-0.67185,0.0557864,511.0,70.4465,-7.7693699999999986,-17.3118,-37.2156,-1.43828,63.0234,-42.3848,71.7142,19.3651,13.2206,8.025960000000001,30.8319,-0.5508310000000001,-0.67185,0.0557864,511.0,123.46,122.883,211.534,211.534,769.07,582.165,1351.23,3.09877,3.09877
1,P11362,P252R,P08620,1.0,1.0,0.378,0.396316,1.04912,-0.0887282304465771,0.0284715220332146,-0.668247558681432,0.270944,-7.9979999999999976,-2.0,71.1206,88.3713,5,5,12,12,-5.03532,-5.435,-5.03383,-14.977,-1.48806,22.8923,-19.2199,1.53273,9.84915,4.23007,0.303352,3.02789,0.0,-0.143871,0.07073020000000001,238.0,-5.14971,-5.435,-5.03383,-15.1481,-1.449,23.1812,-19.3934,1.53772,9.9938,3.9763,0.303601,3.05686,0.0,-0.13783,0.07073020000000001,238.0,29.7771,29.9449,78.1573,78.1573,397.87,228.4,626.26,4.25199,4.25199
1,O00311,I99L,Q9UBU7,1.0,0.741935,1.0,0.790323,-0.015466899999999999,-0.0199633818119764,-0.0606167279183865,-1.29057241229465,-0.252705,-0.6709999999999999,1.0,30.1923,38.5331,3,5,34,27,-10.179,-4.59095,-12.2076,-37.3382,-3.78258,48.3821,-53.0671,16.4425,20.3331,11.3776,2.31616,15.0279,-0.027009,-0.807999,0.406968,303.0,-10.6955,-4.5864400000000005,-12.2076,-37.5014,-3.76963,48.3756,-53.4222,16.3761,20.3961,11.3776,2.31758,15.0153,-0.027009,-0.807999,0.399828,303.0,136.503,136.064,7.490589999999999,7.494569999999999,993.215,542.99,1536.2,4.56296,4.56335
0,O14980,F561A,O95149,0.978,0.968891,0.8079999999999999,0.792618,0.909251,0.9970115966370942,0.28149331416352696,2.26092593670603,-0.651217,-7.697,-3.0,25.3265,26.1039,10,3,38,22,-10.9518,-8.92393,-19.4707,-31.8549,-4.72007,50.7219,-41.8392,9.14578,23.1912,11.2022,0.551953,5.93461,-0.716129,-0.784338,0.160444,1402.0,-9.76705,-8.96096,-19.4707,-31.3582,-4.72007,50.4128,-41.0962,9.13972,23.1016,11.5891,0.551949,5.88155,-0.716129,-0.784338,0.160444,1402.0,245.345,245.171,87.9905,87.9905,971.03,613.64,1584.68,3.49666,3.84107
0,P51809,L136P,O15400,0.4231,0.23040300000000002,0.9833,0.922627,0.888793,0.028710298742225863,0.07821447402238846,1.7846121705177136,-1.04207,-6.266,-3.0,46.9815,38.9991,6,3,27,27,-35.0814,-4.3284,-8.37403,-24.0044,-1.22864,17.8389,-41.103,4.40206,18.0414,0.33032399999999995,0.742872,3.7868,0.27675,-0.167822,0.108544,114.0,-34.2553,-4.4062800000000015,-8.37403,-23.6122,-1.23438,17.8349,-40.2874,4.49684,17.6614,0.33032399999999995,0.737083,3.68793,0.27675,-0.17081400000000002,0.108544,114.0,7.46316,11.4704,6.65654,6.65654,689.52,183.725,873.25,3.45353,4.15235
0,Q12918,Y201A,Q9UHP7,0.3417,0.335476,0.5175,0.4607850000000001,-0.71604,-0.006844736635684967,0.008917790837585926,-0.900415169666981,-0.380573,-1.165,-2.0,56.1855,56.9795,8,6,24,17,9.08982,-1.27426,-3.425,-13.0123,-0.8943209999999999,23.3347,-15.876,6.0945800000000006,5.1935,5.4703800000000005,1.33228,2.21758,-0.07540830000000001,-0.162322,5.55112e-17,243.0,9.12475,-1.25474,-3.425,-12.9139,-0.9064260000000001,23.2564,-15.7507,6.08675,5.18613,5.3714,1.32744,2.19199,-0.07540830000000001,-0.161196,5.55112e-17,243.0,74.3568,74.1081,63.8718,63.8719,0.0,0.0,0.0,4.33216,4.20375
1,Q16611,L163V,Q07817,0.2936,0.212144,0.6853,0.690519,-0.676318,-0.004796482622623444,0.036245837807655334,-0.9759097259375769,0.795421,-2.228,1.0,66.6628,64.8133,9,9,16,16,4.58406,-4.24672,-6.6792300000000004,-34.3228,-2.8176099999999997,38.5844,-51.3287,37.4951,16.8573,4.50247,4.69771,9.82695,-0.543025,-0.0753918,0.0765819,365.0,4.6245199999999995,-4.26295,-6.6792300000000004,-34.2162,-2.81918,38.5208,-51.12600000000001,37.5533,16.6357,4.47576,4.70025,9.84817,-0.543025,-0.0753918,0.0765819,365.0,113.881,113.795,209.97,209.97,0.0,0.0,0.0,3.15679,3.17861
0,P61326,D66R,Q9BRP8-2,0.8214,0.796207,0.7692,0.548628,1.92071,0.8931388120108751,0.28928184509277344,1.0725953174398295,-1.03672,-5.765,-2.0,85.9127,79.6682,2,1,15,20,-7.910639999999999,-2.32919,-4.78335,-6.93324,-9.22282,13.8603,-6.8612899999999994,0.7104590000000001,6.7746699999999995,1.1115899999999999,0.481857,1.15737,-0.45436000000000004,-2.64927,0.0,177.0,-6.88513,-2.39546,-4.1372599999999995,-6.93703,-8.46418,13.7965,-6.87942,0.8280190000000001,6.098669999999999,1.11211,0.485303,1.21541,-0.6249779999999999,-2.15145,0.0,177.0,38.34,38.4344,2.88858,2.89428,106.31,118.63,224.935,2.63497,2.6457200000000003
0,Q9UBQ0,R104D,Q96QK1,1.0,0.994505,1.0,0.360743,2.8685,0.9905649023598926,0.30579036474227905,1.901181454363804,-1.33638,-6.8020000000000005,-2.0,75.1667,78.5552,4,1,18,13,-18.7993,-1.61169,-8.38698,-21.6335,-1.35614,23.4389,-30.4793,3.67354,10.6441,3.7224,0.902611,4.94324,0.0971283,-0.269392,0.07504839999999999,453.0,-17.7094,-1.57028,-6.60445,-21.2239,-1.25157,22.7822,-30.1535,3.6709400000000003,9.52622,3.7610099999999997,0.8985290000000001,4.9841,0.142074,-0.14573699999999998,0.07504839999999999,453.0,59.2735,59.0821,68.3251,68.3251,510.69,298.82,809.51,2.89734,4.81202
1,P01903,F49S,P02686-5,1.0,0.4216220000000001,1.0,0.115385,1.12801,0.794941528816707,0.413774400716648,2.01874228326987,0.0578669,-4.4,-3.0,20.8711,8.81545,10,2,48,34,-7.92438,-3.9400699999999995,-3.49815,-11.8626,-0.0681903,13.4726,-15.6168,0.234077,6.1523699999999995,4.73302,0.15632000000000001,0.967148,0.0808309,-0.151667,-6.938889999999997e-18,96.0,-7.22435,-3.9400699999999995,-3.49815,-11.5842,-0.0681903,13.2317,-15.1747,0.400133,6.36388,4.57259,0.159528,0.967148,0.0808309,-0.151667,-6.938889999999997e-18,96.0,18.2301,18.9362,1.17843,1.17843,346.55,168.935,515.49,3.86902,5.318
0,P56945,F794R,Q8N5H7-2,1.0,0.581498,0.994,0.9943,1.24266,-0.04809757135808468,0.07942793518304825,-1.155390717408238,-0.9681420000000001,-8.124,-4.0,63.2548,69.8865,18,13,25,24,-5.1756400000000005,-0.209292,-1.82969,-6.68682,-0.99845,6.9916199999999975,-9.59253,1.22318,2.9493400000000003,0.574231,0.013921799999999998,1.00527,0.00958675,-0.0407944,0.0360457,300.0,-3.94745,-0.208342,-1.82969,-6.73257,-1.0661100000000001,7.51006,-9.31697,1.22892,3.5110900000000003,0.595102,0.011596799999999999,1.05083,0.00791488,-0.0784896,0.0360457,300.0,21.7978,21.8028,35.92800000000001,35.9394,128.655,79.47,208.125,3.3636,3.4558
1,P02538,I462S,O76015,0.8526,0.260182,0.573,0.170087,0.937777,0.9839774687425232,0.010561338625848292,2.848631746231186,-0.8155979999999999,-5.542999999999998,-3.0,57.0399,51.2294,16,16,25,25,-72.9431,-3.8923900000000002,-5.28247,-40.4079,-2.1374,17.887999999999995,-76.3501,2.3975,32.8317,0.0273236,0.7311449999999999,5.01189,0.120246,-1.2791299999999999,0.0264411,185.0,-71.5899,-3.9288,-5.28247,-39.7977,-2.11634,17.8858,-74.814,2.32115,32.137,0.0273236,0.726638,5.184419999999999,0.120246,-1.2791299999999999,0.0264411,185.0,5.9528300000000005,5.58801,7.26726,7.26726,1267.63,316.11,1583.73,3.07467,4.21044
1,P55211,P336S,Q13490,0.8556,0.86282,0.5057,0.147904,0.876141,0.824443016201258,0.146922297775745,1.03909053572072,0.797588,-7.721,-1.0,78.6484,72.6599,4,4,13,13,61.8758,-7.15296,-14.4392,-31.7017,-2.90052,54.322,-37.9112,68.4966,15.2825,13.2352,2.58106,27.0383,-0.14288299999999998,-0.177144,-1.11022e-16,456.0,61.997,-7.15862,-14.4392,-31.7045,-2.90052,54.3612,-37.8777,68.4829,15.3049,13.2821,2.5825,27.1341,-0.14288299999999998,-0.177144,-1.11022e-16,456.0,82.7732,82.7356,58.4349,58.4349,795.455,545.845,1341.3,3.23513,3.23513
0,P52298,D107R,Q09161,0.9588,0.597458,1.0,1.0,0.773886,0.9953058936353044,0.22120703756809235,2.4162764986006087,-1.04291,-7.774,-2.0,42.8813,61.4115,0,0,20,25,-13.7271,-4.66691,-8.4724,-15.280999999999999,-2.15523,20.299,-19.2355,1.39716,7.338310000000001,4.400919999999998,1.15206,2.89486,-0.548192,-0.362644,0.0232133,307.0,-13.4544,-4.78885,-8.62157,-15.3551,-1.7178799999999999,20.1881,-19.3773,1.39222,7.704439999999999,4.28675,1.11671,2.96266,-0.662569,-0.0266663,0.0232133,307.0,63.4126,63.5631,34.5538,34.5978,288.665,260.945,549.615,4.97693,5.01799
0,Q9NQT4,R96Q,Q96B26,0.9716,0.97302,1.0,0.978261,2.0785099999999996,-0.019308818038553003,0.293257307261229,-0.51144801912264,-0.00438677,0.102,1.0,67.2368,40.0781,16,11,23,26,4.3439,-5.13335,-6.32565,-21.5884,-1.51175,33.4757,-27.1716,10.1206,10.6326,8.67056,1.41091,15.4652,0.22511,-0.870186,0.0253585,481.0,3.834130000000002,-5.73409,-6.17976,-21.1074,-0.5966199999999999,32.6223,-26.5836,10.095,9.92904,8.08116,1.39483,15.6179,-0.07535189999999999,-0.410304,0.0148818,481.0,79.7856,79.4248,154.136,154.162,479.295,324.22,803.525,3.51586,3.18071
0,Q8IYM1,D197N,Q8WYJ6,0.5911,0.600345,0.4799,0.460068,0.362427,0.9944691141135992,0.164075121283531,2.2806855727151603,-0.598198,-4.913,1.0,23.6957,22.6334,6,6,21,21,-5.3602,-4.7623,-7.72411,-19.8828,-3.00023,28.0055,-25.5945,1.36201,14.5832,9.27204,1.02013,5.51602,0.12875699999999998,-1.21537,0.0633975,540.0,-5.6435900000000006,-4.7623,-7.72411,-19.8995,-2.7173,27.8777,-25.6004,1.36819,14.2055,9.27204,1.02215,5.51611,0.148072,-1.28102,0.0633975,540.0,101.555,101.661,155.359,155.359,0.0,0.0,0.0,3.45632,3.50786
0,P04637,F19A,Q09472,1.0,0.6393439999999999,0.9556,0.736785,2.71089,-0.044797202572226524,0.09758207201957704,0.8389975528128254,-0.43776499999999996,-6.206,-3.0,53.4447,22.1483,17,0,26,19,-10.7312,-1.4447299999999998,-2.1224,-14.1985,-0.837522,13.5634,-21.8356,3.62744,8.24761,2.15755,0.45534399999999997,5.92316,-0.0948319,-0.746736,0.113826,129.0,-9.188930000000001,-1.2983,-2.09362,-13.1972,-0.8458459999999999,12.8291,-20.4548,3.61786,7.99706,2.15755,0.44296599999999997,5.63227,-0.0948319,-0.746736,0.113826,129.0,6.95763,6.72825,30.5842,30.5842,402.27,161.765,564.03,3.75037,5.25632
0,Q14457,G120E,Q07817,1.0,0.8214290000000001,0.7959,0.789983,0.187868,-0.04647461324930191,0.9468370676040648,2.5730947671712463,0.06709580000000001,-2.854,-3.0,40.1484,50.4413,0,29,0,22,-4.48297,-2.87291,-5.18228,-19.5159,-0.716019,21.105,-28.3877,15.1848,10.0372,3.5696800000000004,1.27088,7.1361399999999975,-1.15731,-0.202374,0.0,219.0,9.86506,-2.78678,-5.00263,-19.7174,-2.0816,23.6427,-28.3965,28.807,10.0499,3.4844,1.36744,6.6437300000000015,-1.54122,-0.344303,0.0,219.0,5.4659900000000015,8.38667,266.218,266.189,0.0,0.0,0.0,3.01678,1.53836
0,Q96NA2,R255A,P51149,0.9846,0.98537,0.9945,0.948145,1.7014,0.52968486584723,0.6516605614451689,2.07990788826364,-0.568386,-5.6770000000000005,-2.0,64.7286,51.6044,4,0,19,17,-9.138860000000001,-1.34959,-4.20682,-10.5679,-1.4809999999999999,12.0695,-15.5419,0.9856010000000001,7.69453,2.32572,0.894632,1.1233,0.00179178,0.0365847,0.0,249.0,-8.27254,-1.3036299999999998,-3.16799,-10.2057,-0.430809,10.942,-15.3454,0.984202,6.7378899999999975,2.31942,0.8566860000000001,1.11306,-0.016113299999999997,0.35693800000000003,0.0,249.0,11.2322,10.9007,66.9374,66.9374,319.805,213.915,533.725,2.68148,5.65404
1,Q9Y248,D24G,Q9BRT9,1.0,0.935135,1.0,0.877301,0.983328,0.03287351503968239,0.10677624493837357,-0.4381510837194568,-0.611294,-3.491,-2.0,75.3496,55.5864,1,0,16,0,-17.5084,-2.57877,-4.8286,-16.3957,-2.6566799999999997,16.0988,-25.6987,2.16413,12.7057,1.61163,0.4625,1.33514,0.235119,-1.06703,0.0552265,316.0,-17.0402,-2.57877,-4.8286,-16.3671,-2.3609,15.8705,-25.6854,2.16182,12.5623,1.9025299999999998,0.459362,1.3381399999999999,0.235119,-0.850311,0.0552265,316.0,56.0477,56.0154,31.8454,31.8454,459.07,220.045,679.115,3.819280000000001,3.819280000000001
0,Q10567,V88D,P84077,0.9945,0.9751299999999999,0.9939,0.906319,1.57611,0.9982723896100651,0.25116658210754395,2.2602602835465957,-0.41059399999999996,-6.332000000000002,-4.0,11.349,10.573,7,7,35,33,2.22947,-1.99469,-6.2682400000000005,-12.6218,-0.24666799999999997,15.9153,-17.4171,8.61085,7.3072399999999975,4.6443,2.1282099999999997,4.42975,-0.03313819999999998,-0.242209,0.0633653,712.0,2.23563,-2.02277,-6.2682400000000005,-12.7494,-0.188091,16.5146,-17.3814,7.42103,7.52555,4.61382,2.62565,4.62259,-0.09017539999999999,-0.21233600000000002,0.0633653,712.0,200.856,200.052,62.6264,62.0915,267.5,155.585,423.08,3.36631,3.36631
0,Q9HAU4,C716A,P0CG47,0.5291,0.546828,1.0,0.949367,2.23663,0.9961558536451776,0.008182913064956665,1.1903150811053171,-0.7349899999999999,-7.825,-1.0,29.2792,33.5873,3,3,18,18,-1.04811,-5.01877,-3.75475,-12.501,-0.357134,19.8738,-16.4656,4.21644,6.4249800000000015,4.44337,0.890374,2.35226,-1.02995,-0.156673,0.00287091,453.0,-0.86139,-5.01877,-3.75475,-12.4703,-0.344107,19.7532,-16.4552,4.22735,6.6486899999999975,4.50469,0.8475299999999999,2.34138,-1.02995,-0.156673,0.00287091,453.0,119.392,118.364,24.9921,24.9921,293.885,183.93,477.82,3.2876800000000004,3.2876800000000004
0,O95149,K144D,O14980,0.8079999999999999,0.792618,0.978,0.968891,0.5462899999999999,0.8166230564384023,0.07737518101930617,1.8232650061514082,-0.651217,-5.2120000000000015,-1.0,46.934,30.6491,8,5,23,22,-10.6109,-8.9389,-19.4751,-31.8257,-4.67662,50.8363,-41.6905,9.15662,23.1307,11.2281,0.551697,5.91695,-0.716129,-0.784619,0.20935900000000002,1402.0,-9.19246,-8.9606,-18.7606,-31.3497,-3.36439,49.3526,-41.1398,9.11288,22.1537,11.360999999999999,0.558276,5.88673,-0.38411,-0.353983,0.198269,1402.0,87.9905,88.0669,246.981,247.047,971.03,613.64,1584.68,2.80008,3.5904199999999995
0,P63279,V25M,P63165-2,0.9936,0.981339,1.0,0.8947370000000001,2.29438,0.3452189229428768,0.10344954580068587,0.5453250371755366,-1.3445799999999999,-2.165,1.0,40.0112,27.5876,7,7,25,25,-3.5800099999999997,-2.60128,-4.44391,-8.11224,-5.31294,14.5062,-9.599789999999999,2.6395,5.272419999999999,2.4458900000000003,0.263875,2.0081900000000004,0.814207,-2.1874,0.35142399999999996,227.0,-3.5524199999999997,-2.55023,-4.44391,-8.03713,-5.2989,14.2299,-9.428230000000001,2.65925,5.32164,2.3563099999999997,0.276621,1.97308,0.814207,-2.1874,0.35142399999999996,227.0,18.5252,18.4294,26.5251,26.5251,278.195,236.14,514.335,3.3673900000000003,3.3673900000000003
0,Q92797,K185A,Q9NP77,1.0,0.965838,0.9947,0.97445,1.34227,0.2239963822066784,0.061157289892435074,1.190007312555868,-1.50932,-5.209,-1.0,39.9803,37.1765,18,5,26,19,-11.9089,-3.11278,-10.7581,-15.5049,-4.77706,26.3027,-19.1541,1.8973200000000001,12.3849,1.98343,0.392467,2.82206,-2.1710599999999998,-2.09131,0.31559499999999996,501.0,-11.6752,-2.16953,-9.76384,-14.4537,-5.9827699999999995,24.6198,-17.6099,1.5541399999999999,11.2492,1.94218,0.386031,2.8220400000000003,-2.0909299999999997,-2.31854,0.578765,501.0,83.12700000000002,82.9089,38.3879,38.3879,359.37,359.885,719.255,2.82586,4.3071
1,P13646,R355H,P35908,0.7333,0.215375,0.8085,0.24490100000000006,0.917338,0.93246201146394,0.637815289199352,1.27203708257086,-0.451262,-4.332,0.0,61.9507,61.4309,1,1,24,24,-78.0698,-3.36974,-7.46152,-43.4857,-2.0708,19.8123,-82.5226,4.5397099999999995,34.5254,2.5579499999999997e-13,0.622096,5.70361,0.0673927,-1.11017,0.0,185.0,-77.9131,-3.37298,-7.46152,-43.5033,-1.87228,19.8044,-82.5523,4.5395400000000015,34.3823,2.5579499999999997e-13,0.618947,5.7616,0.0673927,-0.9472729999999999,2.77556e-17,185.0,6.32413,6.20953,8.3792,8.3792,1284.99,268.1,1553.09,5.68139,6.81694
0,A5PKW4,E621K,P62330,0.3595,0.30254200000000003,0.7278,0.669387,-0.32196199999999997,0.990991363069043,-0.00558792054653168,2.03702576499829,-0.631221,-3.825,1.0,42.1375,70.104,11,8,19,21,-6.02415,-3.5817300000000003,-4.94401,-24.6483,-1.4508299999999998,28.9552,-35.9976,14.7097,9.14173,6.99073,3.2760700000000003,3.19873,-0.376404,-0.599577,0.116879,369.0,-7.6972,-3.51959,-6.47686,-24.2911,-1.91325,27.8969,-35.7027,14.1458,10.3949,6.78708,3.21742,3.3534,0.0214853,-0.7581140000000001,0.116879,369.0,58.6922,58.5371,264.514,264.491,637.52,335.095,972.62,3.35756,3.0706
1,P40692,V213M,P54278-2,0.3333,0.288192,0.9505,0.943632,1.08167,0.04542167112231255,0.4615589678287506,0.3374741528599663,-0.08977689999999999,-1.863,1.0,23.8262,14.1877,0,0,32,32,-1.1727,-1.06805,-3.3614699999999997,-9.3285,-2.00767,15.3358,-10.515,1.64942,4.27283,1.35515,0.678437,0.798543,0.00127295,-0.568984,0.0,408.0,-1.21895,-1.06805,-3.3614699999999997,-9.34393,-2.0135400000000003,15.347999999999999,-10.5296,1.63206,4.2721599999999995,1.34955,0.668949,0.8434959999999999,0.00127295,-0.558369,-1.11022e-16,408.0,284.603,285.0420000000001,39.5219,39.5219,263.325,218.09,481.41,4.63532,4.63532
1,P13747,R129A,Q13241,0.637,0.6503329999999999,0.2414,0.258891,0.985661,0.9017783187446179,0.00861171167343855,1.6167015333393202,0.060469399999999986,-5.021,-2.0,34.0652,65.4005,20,12,32,16,0.688999,-0.473138,-15.7998,-20.519,-0.0499459,32.869,-25.3592,3.84426,13.492,8.002469999999999,1.7602099999999998,2.80619,-0.0339119,0.5307689999999999,0.0413026,387.0,1.07501,-0.473138,-15.7562,-19.4664,0.386553,31.6342,-24.3405,3.4997300000000005,13.2584,8.068719999999999,1.27722,2.54629,-0.0339119,0.59509,0.0413026,387.0,86.4567,85.7915,79.8696,79.8595,553.955,424.595,978.555,3.17372,3.17372
0,Q16531,W561K,Q13619,0.9974,0.9957799999999999,1.0,0.972936,2.26015,0.994909048818954,0.15449491143226626,2.6548918705569515,-0.4527890000000001,-13.285,-4.0,44.4966,40.0605,30,14,28,24,-22.4386,-7.62902,-9.15114,-27.3528,-7.1025899999999975,37.2233,-36.769,2.28761,18.828,7.297910000000001,1.45386,3.76986,-0.9322280000000001,-2.9765,4.4408900000000007e-16,1857.0,-18.6464,-7.6257199999999985,-8.15832,-26.4904,-8.71555,38.2266,-35.1577,2.1579200000000003,19.8707,7.310389999999999,1.4409999999999998,3.71729,-0.661417,-3.2278,4.4408900000000007e-16,1857.0,432.792,432.767,175.747,175.747,649.87,535.705,1185.57,2.54926,2.6217200000000003
0,O14641,Y27D,O15169-2,0.3562,0.293358,0.9762,0.97739,2.63456,0.07557347416877748,0.6393164992332458,2.2844710635358543,-0.315922,-7.03,-4.0,43.2412,47.0355,25,17,27,20,-15.2532,-8.73213,-6.84817,-13.8633,-4.16255,18.9733,-18.4436,1.5143,10.9654,4.40594,0.561145,0.845367,-0.4733270000000001,-1.5342,0.0,171.0,-12.134,-8.72992,-4.8913199999999994,-13.1976,-4.66676,19.5733,-17.1634,1.4748,9.98064,4.5256300000000005,0.561052,0.845785,-0.4733270000000001,-1.51111,0.0,171.0,25.6583,25.3933,15.7975,15.7971,324.945,208.005,532.95,2.7134,3.13578
0,O15085,I876M,P61586,0.302,0.18218199999999998,0.5575,0.522563,0.205594,0.0003958691959269345,0.10066666454076767,0.4737546153233126,-1.02453,-2.436,1.0,26.0351,28.5598,16,18,35,31,-21.8784,-2.75639,-13.0574,-24.1833,-4.5867,29.0229,-35.3913,5.96011,17.3339,3.7348199999999996,0.812874,4.084,-0.0401847,-1.1667299999999998,0.054947,382.0,-22.873,-2.8123099999999996,-13.0574,-24.6413,-4.56494,29.2399,-35.9292,5.9342,17.1892,3.75955,0.777305,4.256869999999998,-0.0401847,-1.1667299999999998,0.054947,382.0,85.4256,85.2854,93.9403,93.9403,595.27,304.685,899.955,3.1861900000000003,3.09639
0,P84243,G91L,Q9UER7,1.0,0.9489799999999999,1.0,0.27567600000000003,0.033729199999999994,0.9798057370935568,0.9313422441482544,2.561762003099297,-0.44429399999999997,0.962,-4.0,39.8527,33.8758,0,15,0,32,-50.6212,-13.888,-19.2011,-50.6825,-11.796,64.557,-68.4916,6.141,37.9137,6.2264300000000015,1.92093,10.0904,-1.9174099999999998,-3.7875400000000004,0.0,309.0,-51.3489,-13.8219,-19.3062,-51.5757,-12.200999999999999,65.8118,-69.9815,6.42451,38.4402,6.2264300000000015,1.9555099999999999,9.67393,-1.9174099999999998,-3.7875400000000004,0.0,309.0,21.2228,21.2933,32.4763,32.4763,1159.7,952.745,2112.45,3.43156,3.33461
1,O43543,V160I,O75771-4,0.28300000000000003,0.190818,0.2551,0.267167,0.37256100000000003,0.0165688376873732,0.0370763707906008,-0.3899069502698789,0.754753,-0.33299999999999996,3.0,67.1298,68.2759,10,14,16,18,1.4152,-2.40259,-5.6955300000000015,-21.9939,-1.50749,26.3283,-31.8471,20.2364,11.57,3.25338,2.01805,6.1663,0.0771025,-1.00549,-5.55112e-17,465.0,1.01091,-2.40754,-5.6955300000000015,-22.2022,-1.50749,26.431,-32.3016,20.1087,11.7674,3.34924,2.01323,6.11541,0.0771025,-1.00549,-5.55112e-17,465.0,317.172,316.825,105.153,105.153,529.86,239.67,769.53,3.38817,3.46268
0,O15111,K44A,P25963,0.3095,0.201429,0.4126,0.28728000000000004,-0.097966,0.996532403558376,0.024491329677403,1.8240714217031802,0.74275,-4.636,-1.0,35.5701,21.2345,13,4,26,21,58.4808,-3.38803,-16.4461,-58.6134,-3.3746199999999997,90.0077,-76.4581,66.845,30.3493,21.6064,9.01495,23.6484,-0.371282,-0.8545969999999999,0.16359200000000002,563.0,59.2854,-3.37247,-13.1838,-57.667,-3.048,87.1663,-75.4742,66.6253,28.794,21.5789,8.93403,23.6247,-0.371282,-0.859922,0.16359200000000002,563.0,231.514,231.178,155.166,155.166,1540.9,807.345,2348.25,2.75538,4.03856
1,P12272,I67A,Q03431,1.0,0.2,0.9146,0.6551939999999999,1.33544,-0.0298612304031849,0.104152341373265,-0.24010246286497802,-0.601969,-3.531,-2.0,70.1302,68.7051,20,13,20,17,-13.0031,-3.93011,-4.3188900000000015,-11.8754,-2.18803,12.9789,-17.9132,0.532802,8.307780000000001,3.66887,0.786714,2.19227,-0.672678,-0.805496,0.041617900000000006,134.0,-11.9092,-3.86258,-4.28916,-10.9749,-2.17929,12.4799,-16.1476,0.320139,7.618519999999997,3.4940300000000004,0.684288,1.87685,-0.672678,-0.805496,0.041617900000000006,134.0,2.67176,2.489,21.8554,21.8554,322.975,107.8,430.78,3.24316,3.96625
0,Q8NI22,D122V,P49257,0.8846,0.817045,1.0,1.0,1.99234,0.9586928218923276,0.6528407335281372,2.9050832565960087,-1.14393,-8.429,-4.0,28.9961,41.7136,4,4,25,28,-15.2457,-3.87246,-7.1227,-16.1995,-5.45147,21.153000000000002,-22.1371,3.3301800000000004,9.4204,3.70362,1.24448,3.72154,0.2187,-2.06123,0.144314,314.0,-13.9317,-3.87246,-5.98355,-16.182000000000002,-5.13164,20.9465,-22.2462,3.3119099999999997,9.507589999999999,3.70362,1.24844,3.72154,0.2187,-1.9810299999999998,0.144314,314.0,21.9101,22.0953,75.2425,75.2425,387.08,196.955,584.045,3.0372,3.19193
1,P01133,H980Y,P00533,1.0,0.401961,1.0,0.986842,0.18687,-0.007207021117210391,-0.0440408289432526,-0.9961342837544692,1.13469,-1.902,2.0,59.3677,59.8695,11,10,19,21,7.47253,-0.343029,-1.75322,-5.92725,-0.8634229999999999,10.5978,-6.18154,4.102,1.86874,3.04063,0.675032,8.06677,0.0,-0.243537,0.116379,193.0,9.75477,-0.343029,-1.75322,-5.9142,-0.8634229999999999,10.2776,-6.3067199999999985,7.586130000000002,1.51781,3.0534,0.299308,8.0316,0.0,-0.243537,0.0606365,193.0,14.3091,15.4062,130.744,130.744,127.995,138.73,266.725,2.4976700000000003,2.4976700000000003
0,P10276,P375L,P48443,0.8856,0.629795,0.8478,0.447146,1.9878,0.9783948846015846,0.03003559447824955,1.7885927651735258,0.0603274,-8.417,-3.0,43.2795,50.3875,16,28,30,30,-11.6682,-0.407012,-5.97163,-10.7122,-3.3088599999999997,12.0628,-16.6654,2.8063700000000003,8.66886,0.8762719999999999,0.27705799999999997,2.18824,-0.307349,-1.38893,0.0179048,545.0,-9.90795,-0.40988199999999997,-5.97163,-11.3939,-3.35304,12.5279,-17.9919,5.60642,9.20147,0.8762719999999999,0.29468,2.29759,-0.307349,-1.38893,0.0179048,545.0,278.325,278.341,186.178,186.178,272.76,203.03,475.79,3.30182,2.89898
0,Q92692,F145A,Q495A1,0.4419,0.25809,1.0,0.963303,2.426,0.281696913763881,0.0500891664996743,1.9445553156075701,-0.815397,-6.1679999999999975,-3.0,54.1783,46.3963,26,12,23,19,-8.94904,-1.58752,-2.51047,-14.3198,-0.195441,14.7239,-20.1853,4.68052,5.8937300000000015,3.10207,1.36016,1.28641,-0.0189591,-0.101162,0.209333,233.0,-6.6497800000000025,-1.42212,-2.50544,-12.745999999999999,-0.195441,14.1282,-17.5357,4.7142,5.4112599999999995,2.97749,0.391173,1.24084,-0.0189591,-0.101162,0.252761,233.0,48.0894,47.1892,20.8574,20.7074,339.65,159.3,498.945,3.38311,3.85056
0,Q9BV36,R35K,P51159,0.8511,0.840659,0.765,0.760135,1.23488,-0.005877837538719177,0.7776068449020386,-0.6815519074006269,-0.7468779999999999,-2.78,2.0,42.9468,46.5951,21,21,23,23,-26.7693,-5.56396,-9.32055,-30.3349,-3.20909,36.4398,-43.2632,7.1969199999999995,11.9899,5.91289,2.21863,5.38248,-1.10636,-0.12648399999999999,0.0130914,326.0,-26.3555,-6.38335,-10.1697,-29.9993,-2.6471400000000003,36.0839,-43.4967,7.13235,13.8097,6.08821,2.07087,5.40414,-1.10636,-0.13506400000000002,0.0130914,326.0,37.5533,37.1668,50.7013,50.7013,670.035,475.47,1145.51,2.78327,2.9228
1,P02489,R116C,P02511,0.7404,0.699567,0.5660000000000001,0.540474,0.395974,0.9464203894604,0.43868228132487297,1.6113235246831,-1.0824200000000002,-6.864,-4.0,42.8633,23.8341,16,16,36,36,-8.5099,-11.7968,-1.76469,-14.3339,-0.256759,19.3072,-17.1306,1.59015,6.00366,7.45862,0.35472800000000004,0.755134,0.0,-0.36194,0.0363886,207.0,-7.54085,-11.6222,-0.0324618,-13.184000000000001,-0.28334699999999996,17.2505,-16.2503,0.807612,5.06576,8.2509,0.299059,0.4937,0.0,-0.26276700000000003,0.0363886,207.0,39.3645,37.7648,26.1406,26.1406,257.515,220.595,478.11,2.77606,3.36735
1,Q9UK55,E404A,P00742,0.2868,0.30905900000000003,0.9957,0.917497,0.318398,0.00800178945064545,-0.0256359651684761,-0.43529185954369204,-0.292191,-4.843999999999999,-1.0,69.7682,65.7849,2,2,15,13,-2.55768,-4.6947199999999984,-4.4093800000000005,-18.3703,-2.05258,22.0895,-23.8451,11.5589,8.62632,8.71477,0.760026,6.354,1.66533e-16,-0.987009,0.051821000000000006,618.0,-3.1095,-4.6947199999999984,-4.4093800000000005,-18.3481,-2.0761700000000003,21.9792,-23.8705,11.5599,8.59331,8.33248,0.760927,6.35395,1.66533e-16,-0.988348,0.051821000000000006,618.0,206.037,206.037,91.9275,91.9275,517.475,312.435,829.91,3.2543900000000003,3.2543900000000003
1,P13489,Y438A,P03950,0.7352,0.741946,0.3529,0.347669,3.96457,-0.030105331912636764,0.3991643488407135,1.1121757486395607,-0.794085,-7.393,-2.0,88.4764,85.5085,31,31,11,11,-9.08394,-1.38535,-9.4295,-18.5328,-6.52759,30.4189,-20.7676,2.37767,9.04707,4.55349,0.812373,2.45897,0.0726286,-2.18255,0.07534099999999999,578.0,-6.07204,-1.35017,-7.02309,-16.3996,-6.5640100000000015,28.1066,-18.3154,2.38651,7.74867,4.33444,0.66603,2.4018200000000003,0.0726286,-2.18255,0.0639037,578.0,231.931,231.932,95.7109,96.3823,393.975,384.235,778.21,2.66385,3.5013300000000003
0,O43809,Y160A,Q16630-3,0.9793,0.980335,0.9892,0.98974,2.16203,0.935388444448108,0.0364090614020824,1.4740639182305,-0.526133,-7.6670000000000025,-2.0,62.9031,59.2531,5,0,23,16,-4.31099,-2.18446,-5.23061,-8.70225,-2.18625,15.0284,-10.4625,0.284227,4.07435,2.47588,0.323056,3.72122,0.177147,-0.8334879999999999,0.5415369999999999,286.0,-3.17307,-1.58339,-4.6776300000000015,-8.32664,-2.18625,14.4556,-10.1462,0.283563,3.9211,2.49836,0.319268,3.49306,0.177147,-0.8334879999999999,0.5415369999999999,286.0,42.4183,42.0285,23.9128,23.9128,174.75,123.92,298.67,2.5576,6.6032199999999985
0,Q96I25,R375D,P26368,0.3506,0.285348,1.0,1.0,0.379689,0.9953423688548356,0.051177676767110825,1.5902689951305815,-0.566788,-6.591,-2.0,89.8882,83.5768,3,2,14,15,-2.26303,-1.4181700000000002,-2.09388,-5.6037,0.133354,7.118869999999999,-7.0796100000000015,0.44255500000000003,2.57979,1.46764,0.410487,0.5445,-0.526749,-0.0776168,0.0,201.0,-2.37013,-1.4181700000000002,-2.09388,-5.53148,0.0471245,7.083419999999999,-6.98481,0.44255500000000003,2.6164099999999997,1.41152,0.408627,0.49832299999999996,-0.5415220000000001,-0.193921,0.0,201.0,41.7341,41.5983,21.8939,21.8939,116.22,75.9,192.12,4.16515,4.16515
1,Q96CA5,H164R,P55211-2,0.4457,0.43123,0.8812,0.5530930000000001,0.220494,-0.149879135191441,0.0936862360686064,-0.5855912851372421,0.166426,-1.348,0.0,56.1046,58.8808,28,28,21,21,31.501,-3.5336199999999995,-4.87421,-18.4498,-1.53403,28.1303,-24.6279,40.2845,7.9837,2.9706200000000003,3.6756,6.0677400000000015,-0.376372,-0.64556,0.113826,259.0,29.4365,-3.42924,-4.48244,-18.5991,-2.04261,28.823,-24.6858,37.6089,8.07768,2.98983,3.703030000000002,6.33485,-0.389699,-0.521159,1.11022e-16,259.0,52.2851,52.6076,230.046,230.112,0.0,0.0,0.0,2.42648,3.25981
0,Q9Y2M5,C146A,Q13618-3,0.5104,0.405917,0.9622,0.399644,1.7562,0.945900800288655,-0.18561711534857692,1.67026686845365,-0.333671,-4.732,-1.0,23.0629,21.7453,2,3,19,19,22.0546,-0.35369,-0.9433239999999999,-13.0127,-0.396754,17.7446,-18.9747,25.5696,5.98873,3.8254,2.69467,6.994510000000001,-0.0549775,-0.100493,0.0682181,531.0,22.1784,-0.40061399999999997,-0.7670779999999999,-12.9066,-0.396754,17.8033,-18.8349,25.5851,5.72351,3.82445,2.638,7.10042,-0.0577284,-0.100493,0.0682181,531.0,87.6941,87.9348,76.1058,75.947,392.76,213.35,606.11,3.77001,4.05464
1,Q8WXD5,S25N,Q9H840,1.0,0.5149699999999999,1.0,1.0,0.421192,0.0304877832531929,0.01843802072107792,-0.2826046049710685,-1.55051,-0.608,0.0,64.3117,65.0911,6,6,13,13,-26.0823,-9.35135,-6.35754,-26.218000000000004,-3.2452,29.6496,-36.5528,4.26705,13.4569,5.55395,1.2183,3.4549800000000004,-0.4246720000000001,-0.554098,0.09152619999999999,171.0,-26.8635,-9.380189999999999,-6.35754,-26.2647,-3.24572,29.6577,-36.6874,4.27069,13.4578,4.97933,1.2043,3.4636,-0.4246720000000001,-0.554098,0.09707310000000001,171.0,16.6746,16.6968,16.9362,16.9362,606.345,282.735,889.075,3.59492,3.59492
1,P52294,T433M,Q9UKX7,1.0,0.8396040000000001,1.0,0.691176,-0.160301,0.9589110151864588,0.07077444344758987,0.711844597353292,-1.64872,-5.077,-1.0,57.6518,60.7097,11,13,19,22,-15.977,-13.2716,-16.8419,-37.9331,-6.01971,59.9593,-45.5087,10.5948,20.5954,13.6584,1.36625,6.87122,-2.6919999999999997,-2.32784,0.059786599999999995,471.0,-16.9087,-13.2716,-16.8419,-38.3567,-6.01973,60.0605,-46.3845,10.6246,21.0403,13.452,1.36428,6.80478,-2.6919999999999997,-2.32784,0.059786599999999995,471.0,109.917,109.81,4.89037,4.89037,989.01,745.09,1734.1,2.80591,2.80591
0,P84077,I49D,Q10567-3,0.9939,0.9063190000000001,0.9944,0.974823,2.89758,0.9947759133938234,0.2376793175935745,2.18808355077874,-0.410487,-6.015,-4.0,54.5967,57.4006,23,18,20,17,-0.17573699999999998,-1.57051,-2.9906200000000003,-11.9883,-0.223676,16.1264,-15.9928,2.72913,5.67681,3.75066,2.27643,4.30739,-0.042029500000000004,-0.363653,0.0523307,706.0,0.575207,-1.57051,-2.9826,-11.3756,-0.11209300000000001,16.8635,-14.3526,1.4004,5.21623,3.52109,1.59715,4.18729,0.14508800000000002,-0.2111780000000001,0.0523307,706.0,65.1912,65.4989,215.161,215.161,279.135,219.04,498.17,3.03756,3.03756
0,Q99814,Q322E,P27540-2,0.9907,0.991165,0.9907,0.964133,0.818511,0.3909169917460531,0.0008719172910787165,0.8033562018557968,-1.13006,-2.727,2.0,32.9288,25.2982,11,12,30,29,-16.4693,-1.61531,-2.56661,-13.1984,-3.3643199999999998,11.857000000000001,-19.3371,0.8586950000000001,6.25089,1.43503,1.03283,0.251224,-0.0401738,-0.165944,-1.11022e-16,214.0,-16.9115,-1.64113,-2.56661,-13.2195,-4.08737,12.5241,-19.3911,0.872498,5.96371,1.41915,1.03403,0.250513,-0.0401738,-0.163175,-1.11022e-16,214.0,25.1401,25.094,25.4249,25.4249,269.385,164.055,433.44,3.86269,3.10827
0,O43541,G471S,Q15797,0.3409,0.369457,1.0,0.985,1.26578,-0.0502136573195457,0.89752628467977,1.29625983739855,-0.766456,-5.485,-1.0,2.3867700000000003,2.0646400000000003,0,0,0,0,-7.36938,-4.28258,-7.70728,-19.9508,-3.74117,27.6462,-25.3815,5.617000000000001,11.5952,5.7072400000000005,1.18618,3.4759,0.177052,-0.7953359999999999,0.176431,366.0,-5.52886,-4.18705,-7.558610000000002,-19.8482,-3.74265,27.3926,-25.2353,7.27732,11.5623,5.71116,1.14768,3.55685,0.177052,-0.7886529999999999,0.179448,366.0,97.202,105.762,62.6362,62.61,480.39,370.22,850.605,3.1582,3.1582
0,Q07812,M74R,Q92843-2,0.2782,0.20789000000000002,0.9783,0.84472,0.208877,-0.030578635167330507,0.049982652068138116,-0.30722308026572,-0.363297,-3.263,-2.0,85.8881,88.7848,24,13,10,11,-45.6989,-2.70534,-1.71859,-27.4783,-0.5870529999999999,12.6399,-46.4112,4.46117,13.2201,1.82382,0.389972,3.78855,-1.3590799999999998,-0.358216,0.0,339.0,-44.4093,-2.70534,-1.71859,-26.9042,-0.576819,12.6756,-45.1626,4.1650599999999995,13.0405,1.8151400000000002,0.385146,3.74615,-1.41124,-0.395992,0.0,339.0,53.125,53.2018,64.3974,64.3974,911.41,245.58,1156.98,3.33649,3.68109
0,P61224,F64A,P47736-4,1.0,1.0,0.9939,0.994205,1.7234,0.9990379958951509,0.00402865558862686,2.40327970450419,-0.684238,-7.0710000000000015,-3.0,38.0609,39.7767,22,0,26,18,-17.052,-3.26782,-6.2568,-18.9802,-2.95611,24.8873,-25.5092,1.51908,10.6365,3.7040599999999997,0.213207,3.35981,0.103769,-1.1529200000000002,0.00694128,497.0,-15.2488,-3.26782,-6.48487,-18.2557,-2.9417299999999997,24.7099,-24.3167,1.38419,11.1122,3.65995,0.19408699999999998,3.37105,0.103769,-1.1529200000000002,0.00694128,497.0,55.1207,55.3142,70.9311,70.9311,437.99,305.78,743.77,3.4556400000000003,6.0216699999999985
0,Q8WXH0,P6883A,Q9UH99-2,0.8333,0.348263,1.0,0.994924,0.52847,0.0493055880069733,0.013735756278038,-0.5874904004045529,-0.392046,-7.597,-1.0,45.2384,50.9044,6,6,21,14,-6.9348899999999984,-7.71928,-3.46555,-13.2975,-0.366242,19.2497,-17.2614,1.35884,4.2569099999999995,7.5430199999999985,0.321598,1.7461,0.0,0.057375699999999995,0.00364216,222.0,-6.27947,-7.71928,-3.46555,-13.1612,-0.366242,19.4071,-16.9624,1.2120799999999998,4.26286,7.74558,0.32259,1.70252,0.0,0.057375699999999995,0.00364216,222.0,2.64537,2.6358,35.1365,35.1365,389.88,192.725,582.6,4.14051,4.14051
0,P11940,K580A,Q9H074,1.0,0.770833,1.0,0.785714,1.09051,0.9962942230886259,-0.10371387749910403,2.05857625417882,0.147701,-4.859,-1.0,62.02,37.1356,4,4,23,23,11.2323,-1.54712,-2.30421,-18.0227,-0.24247800000000005,26.1074,-23.9237,8.681280000000001,8.24062,10.5796,1.43079,10.4754,0.0105593,-0.213705,0.0519509,96.0,11.5081,-1.54712,-2.30421,-18.0634,-0.20322,26.08,-23.9489,8.78312,8.28487,10.723,1.43157,10.4523,0.0105593,-0.174077,0.0519509,96.0,43.3456,43.2045,4.05564,4.05564,512.485,294.325,806.81,4.93257,4.93257
0,Q15672,L159F,P15923,0.5246,0.498518,0.8462,0.828401,3.13385,0.974581488175318,0.29919852875173103,2.52487246954949,-1.5842,-3.958,0.0,46.6608,54.8962,20,19,31,28,-34.887,-0.7766460000000001,-3.19411,-17.9767,-0.523774,8.09556,-34.9258,0.917985,12.1079,0.21139699999999997,0.7961050000000001,2.52881,0.6087600000000001,-0.27720300000000003,0.049511,127.0,-31.7479,-0.8200799999999999,-1.65058,-18.0342,-0.995175,8.45693,-34.7122,2.19675,12.3522,0.226273,0.8833049999999999,2.54895,0.648977,-0.34963299999999997,0.049511,127.0,15.94,17.0484,4.20352,4.21634,565.17,102.37,667.545,3.49176,2.9548
1,O00267,I194V,P63272,1.0,0.979167,1.0,0.8888889999999999,-0.470718,0.0431064665317535,0.28111737966537503,-0.413985422189165,-1.20453,-0.73,3.0,53.6512,50.6019,24,18,21,18,-36.1614,-10.4177,-8.76765,-27.555,-2.11373,26.451,-42.6787,5.48005,14.5768,6.41911,0.950697,4.0543,-0.444341,-0.445968,0.0,202.0,-35.2308,-10.3995,-8.757539999999999,-27.3112,-2.13896,26.546,-41.9937,5.32077,14.3457,6.7214399999999985,0.94139,4.12292,-0.444374,-0.444766,0.0,202.0,21.0988,20.8916,28.577,28.577,720.99,282.31,1003.3,3.38584,3.44783
0,Q8IXQ5,A153T,Q13618-2,0.4162,0.330912,0.9689,0.461749,1.17776,0.8609016323462129,0.34633955359458923,1.4974816058129037,-0.391785,-3.503,0.0,0.550625,0.427587,0,0,39,39,-15.4342,-5.00028,-11.4489,-19.5277,-2.9489099999999997,26.8633,-25.9359,4.43291,11.99,4.50151,1.12747,3.92371,-1.46632,-0.405444,2.22045e-16,602.0,-15.4334,-5.0265,-11.4489,-19.5355,-2.94804,26.891,-25.9334,4.43291,11.9935,4.50151,1.1275,3.99356,-1.46632,-0.405186,2.22045e-16,602.0,130.739,134.6,79.2231,79.2231,476.39,321.305,797.7,4.9619300000000015,4.9619300000000015
1,Q495M9,E393D,Q9Y6N9-3,0.9865,0.987175,0.991,0.4935020000000001,-0.31114200000000003,0.12730911374092102,0.5398617386817932,-0.7919108729753992,-1.00654,-1.327,1.0,37.2179,25.0516,2,2,22,21,-25.2949,-12.4613,-9.5238,-24.3085,-5.660909999999999,34.1183,-31.8858,2.57492,10.3558,9.598519999999999,0.660401,4.7794099999999995,0.31657399999999997,-1.50684,0.0436851,185.0,-25.2305,-12.4548,-9.5238,-24.3123,-5.6420900000000005,34.1423,-31.8933,2.57455,10.3512,9.618689999999999,0.6457890000000001,4.77867,0.31657399999999997,-1.48099,0.0436851,185.0,16.4567,16.5639,13.9091,13.9091,662.31,363.355,1025.67,5.32063,5.32063
1,Q14203,Q93K,P30622-1,0.9861,0.960125,0.4853,0.398132,0.14277,-0.261503033339977,0.0737134199589491,-0.45502255043079803,-0.464558,-3.0260000000000002,1.0,69.3203,74.8572,11,13,18,19,-19.0767,-15.3932,-12.7171,-39.1481,-2.5916200000000003,50.0446,-53.8315,12.1461,19.3117,19.5925,1.48554,7.76968,0.0,-0.406297,0.0467048,157.0,-19.3193,-15.9653,-12.0203,-39.4199,-2.69022,50.5093,-54.3724,12.1764,19.3759,19.6291,1.50755,7.77643,0.0,-0.480111,0.0467048,157.0,22.2382,22.2679,32.1351,32.1351,1098.66,545.495,1644.15,2.90529,3.05048
1,O43617,K32Q,O75865-2,0.9688,0.9352870000000001,0.8889,0.884115,3.339,0.6388905569911003,0.1950787603855133,0.1081781698951266,-1.00935,-3.033,1.0,78.1337,70.105,0,0,17,17,-34.1701,-1.65862,-11.1961,-22.031999999999996,-5.94606,20.17,-35.7713,4.44247,13.8772,1.5741,0.903992,5.19814,0.545778,-1.46365,0.0,331.0,-34.0474,-1.65862,-11.1961,-22.0552,-5.93993,20.1783,-35.8244,4.43551,14.1981,1.5741,0.9049659999999999,5.19814,0.48861899999999997,-1.53669,0.0,331.0,41.2196,41.2169,39.2927,39.2927,537.14,258.055,795.195,6.53941,6.7443100000000005
0,Q96AX1,Y438P,Q9H269,0.9663,0.964737,1.0,0.292308,2.93338,0.3528866793494672,0.5415617823600769,2.229764002069371,-1.05532,-6.982,-4.0,74.7888,75.8955,16,14,21,19,-10.739,-2.51985,-3.14482,-13.2553,-3.18495,17.0131,-16.9399,2.0971900000000003,7.25351,0.034475599999999995,0.43779,3.44,-0.171543,-0.810589,0.06785980000000001,689.0,-9.1002,-2.59451,-1.97499,-12.3122,-3.1712,16.173,-15.6966,1.39918,7.13923,0.034475599999999995,0.433738,3.18067,-0.172639,-0.809558,0.06785980000000001,689.0,155.815,155.75799999999995,11.4755,11.5804,288.615,244.2,532.815,2.78231,3.23666
1,O95405,A797P,P84022-3,1.0,0.911111,0.9742,0.918665,0.351317,-0.104322448372841,0.4347008466720579,-0.12597556019192802,-1.49342,-2.682,-1.0,46.3224,38.9492,7,7,18,24,-12.6712,-5.8221300000000005,-4.85796,-26.5208,1.1607299999999998,28.8368,-39.2815,12.8749,8.21697,8.8961,0.900647,2.98565,0.184016,0.35694499999999996,0.0,235.0,-12.1081,-5.80601,-4.85796,-26.3553,1.1607299999999998,28.5967,-39.0194,13.2687,8.21797,8.87609,0.885444,2.94901,0.184016,0.35694499999999996,0.0,235.0,13.5,22.3022,52.3441,52.3441,700.74,230.895,931.63,3.62969,3.85293
0,O14965,G198L,Q9NQS7,0.6832,0.629376,1.0,0.508475,3.10809,0.9885250257448206,0.945026159286499,2.503193669750274,-0.624092,-8.797,-4.0,25.0353,36.5237,0,9,0,31,-11.7901,-1.01615,-2.3595099999999998,-12.5688,-0.609438,11.1316,-19.7982,2.0657400000000004,7.1463600000000005,1.49747,0.206042,1.17987,0.383741,-0.252925,5.55112e-17,292.0,-11.5965,-1.02682,-2.3595099999999998,-13.0179,-0.761161,12.1998,-20.5524,2.2959,7.40154,1.50281,0.206488,1.18759,0.383741,-0.252925,5.55112e-17,292.0,80.094,81.5688,2.18852,2.18852,367.49,187.965,555.455,4.58781,3.25272
1,Q00534,D110N,P42773,1.0,0.963333,0.4645,0.450335,0.66992,0.05720724537968636,0.06481859087944031,-0.5431876536549588,-0.680712,-1.769,1.0,74.9706,76.5301,4,4,17,17,-7.3248,-6.32235,-8.96898,-15.8482,-4.99447,26.7391,-18.942999999999998,5.43636,7.99862,4.4135800000000005,1.28364,4.1813199999999995,0.27156399999999997,-0.784076,0.00943358,455.0,-7.44372,-6.31018,-8.96898,-15.8646,-5.1816,26.7329,-18.9665,5.43478,8.16898,4.4135800000000005,1.28364,4.18076,0.401335,-0.980475,0.00943358,455.0,62.177,62.1838,53.3815,53.3815,315.075,253.54,568.615,4.75107,4.48274
1,P62195,R258W,P43686-2,0.4245,0.4337220000000001,0.4518,0.403173,0.353098,0.997474879215588,0.467612611595541,2.19968811246573,-0.15249300000000002,-7.5779999999999985,-4.0,9.09273,8.25946,0,0,36,36,-4.1942699999999995,-2.75272,-0.723513,-17.527,-1.15973,22.2959,-25.0888,6.09098,8.78941,3.23746,1.51791,4.885280000000002,-0.215756,-1.04244,0.0,510.0,-4.27273,-2.75272,-0.723513,-17.511,-1.21396,22.254,-25.0871,6.21481,8.78225,3.23746,1.51806,4.885280000000002,-0.270831,-1.10418,0.0,510.0,111.498,114.197,137.97,137.97,445.76,326.49,772.25,5.87582,6.07639
0,Q13542,L59A,P06730-2,1.0,0.158333,1.0,0.831683,-0.00928318,0.0363218560814857,0.298551313579082,0.566362915508307,0.897971,-4.876,-2.0,53.0545,47.9946,7,2,28,22,0.154569,-0.8372350000000001,-1.56566,-6.20217,-3.01096,9.10269,-8.32179,2.93372,4.0595300000000005,2.61737,0.320992,1.24901,-0.0122241,-1.3137,0.0,120.0,0.680187,-0.8372350000000001,-1.56566,-5.84748,-3.01096,9.06239,-7.54361,2.86128,3.76901,2.43059,0.303795,1.18549,-0.0122241,-1.3137,0.0,120.0,3.9105,3.8545,24.3855,24.3855,217.18,159.615,376.79,4.37863,6.48536
0,P51587,V1532F,Q06609-3,1.0,0.0304709,0.9506,0.596129,0.0684198,0.0149304531514645,0.34563734428957105,0.39417313898686,-0.710751,-4.766,-1.0,41.5571,60.233,9,17,25,25,-25.892,-7.070639999999999,-4.92111,-19.1712,-1.0387,17.6957,-29.1465,2.33736,10.4833,5.53605,0.235092,5.04507,-0.00851315,-0.9021600000000001,0.0793498,217.0,-26.2389,-7.079839999999999,-4.92111,-19.772000000000002,-1.1009,18.1814,-29.8988,2.34048,10.7927,5.81756,0.232971,5.06891,-0.00851315,-0.9021600000000001,0.0793498,217.0,4.9006099999999995,4.84504,78.6794,78.6794,0.0,224.675,0.0,4.37857,3.38796
1,P16220,S142L,Q92793-2,1.0,0.6829270000000001,1.0,0.931035,0.6693060000000001,0.05766985565423965,0.07627037912607193,-1.0864039142305526,-1.7748599999999999,-4.836,-3.0,64.9175,64.6553,4,8,19,23,-5.90195,-3.33284,-5.3641,-14.9519,-4.04001,24.6952,-21.8344,8.12612,10.3155,1.49252,0.296136,28.8717,-1.7461900000000001,-2.00546,0.0634904,110.0,-6.60664,-3.2012,-5.3641,-15.2162,-4.04001,24.5788,-22.47300000000001,8.13235,10.492,1.49252,0.29627600000000004,28.7277,-1.7461900000000001,-2.00546,0.0634904,110.0,7.28335,7.280480000000002,17.0974,17.0974,352.105,176.74,528.845,3.75155,3.4265
1,P01116-2,K128A,P04049-2,0.2604,0.269226,0.2258,0.196466,3.2770599999999996,0.430198915302753,0.0468076020479202,-0.0340913986330041,0.8217610000000001,-3.2230000000000003,-1.0,72.384,47.8157,1,1,17,17,15.7049,-1.86194,-5.10404,-9.49673,-0.884441,17.6075,-10.5927,13.4287,6.0183300000000015,2.56303,1.1902700000000002,1.9063,0.39366,-0.00530091,0.0645074,447.0,15.8341,-1.86194,-5.10404,-9.43513,-0.886491,17.6075,-10.4566,13.4287,5.94759,2.56303,1.1902700000000002,1.9063,0.39366,-0.000982658,0.0645074,447.0,117.537,117.468,264.378,264.378,242.07,264.88,506.95,5.14752,6.48977
0,Q9Y570,S156A,P67775,0.861,0.86795,0.9671,0.95307,0.448956,0.9985897039150592,0.32052206620574,2.12291452757431,-0.650158,-2.524,1.0,8.61099,9.29301,5,5,21,21,-6.63564,-8.378160000000001,-8.38855,-31.0692,-6.44867,46.5132,-40.19,12.9866,15.0836,8.5701,3.0230900000000003,7.6273,0.420415,-1.72406,0.581961,635.0,-5.79266,-7.926239999999999,-7.8293,-31.0336,-6.41696,46.3798,-40.3197,13.0923,15.0226,8.54941,3.02668,7.616919999999999,0.420415,-1.72406,0.581961,635.0,522.2909999999998,521.956,106.55,106.55,643.86,427.395,1071.24,2.73755,2.73755
1,O75771,R165Q,O43543,0.2886,0.273229,0.28300000000000003,0.190818,0.761459,0.0937369987368584,0.0010192543268203696,-0.7427594283784491,0.9500930000000001,2.379,1.0,75.8332,75.1295,2,2,14,14,45.9057,-7.81805,-10.3927,-35.4596,-2.49796,56.2227,-45.4979,59.5033,15.8645,11.4251,3.85435,17.7584,-1.0751,-0.663136,0.0562869,527.0,46.1148,-7.81805,-10.3927,-35.4529,-2.3261,56.2018,-45.5023,59.5033,15.7598,11.4251,3.85436,17.752,-1.0751,-0.502634,0.0562869,527.0,348.3130000000001,348.224,214.482,214.482,0.0,0.0,0.0,4.90623,4.90623
1,Q15843,A72R,P62837,0.5789,0.562921,0.8776,0.8837200000000001,0.612743,0.9519916661083699,-0.0435273796319962,1.5668196911298302,-1.62516,-3.911,-2.0,56.6007,69.87,3,3,11,16,-2.41177,-3.927,-4.1668400000000005,-15.1904,-1.82467,23.9116,-20.3174,3.2261,8.48325,4.95745,0.8653040000000001,3.91866,-0.249124,-0.602651,0.0385654,223.0,-2.57692,-3.927,-4.1668400000000005,-15.2165,-1.98837,23.9581,-20.3183,3.2261,8.63472,4.95222,0.868661,3.9223,-0.249124,-0.773124,0.0385654,223.0,29.1359,29.2757,20.6334,20.6334,380.39,275.3,655.69,3.48052,3.48052
0,Q9Y294,D37A,P54198,1.0,0.987179,1.0,0.64,3.18837,0.9828553528641352,0.15768078761175305,2.17822661058841,-1.50671,-7.399,-2.0,38.292,30.1631,3,3,23,23,-13.8043,-6.73015,-4.82311,-10.2517,-3.03844,12.5765,-13.3426,0.0874125,6.33839,3.55409,0.556307,0.6598510000000001,0.0,-1.11883,0.00383004,170.0,-12.2668,-6.6635399999999985,-3.01054,-9.71234,-1.84562,11.1608,-13.1614,0.08100700000000001,5.28164,3.5020800000000003,0.559281,0.550439,0.0,-0.84601,0.00383004,170.0,30.9246,30.8438,1.78374,1.70537,194.67,160.885,355.555,2.7519400000000003,4.70142
0,P54727,L8A,P55036,1.0,1.0,1.0,1.0,0.34430900000000003,0.8995478681754321,0.5709514617919922,2.353594582471957,-1.26044,-3.88,-2.0,63.6552,77.7085,26,26,20,20,-11.8759,-1.30239,-2.15979,-10.7714,-1.1022,9.608319999999999,-16.7816,0.69921,6.06659,1.41969,0.543858,2.89163,-0.00133824,-0.478886,0.0,118.0,-9.72614,-1.3087600000000001,-2.15979,-9.74589,-1.1022,9.47592,-14.5958,0.5775680000000001,5.27894,1.40438,0.545734,2.87698,-0.00133824,-0.478886,0.0,118.0,19.3104,19.1444,6.580489999999998,6.580489999999998,276.6,136.595,413.195,3.43815,3.44632
0,P61081,N113A,Q15843,0.3162,0.291262,0.5789,0.562921,1.2283600000000001,0.9990054321301608,0.154711184091866,1.65400175636397,-0.558218,-7.9170000000000025,-2.0,68.0034,50.7646,9,8,22,20,5.64755,-2.92648,-1.57369,-13.501,-0.0968149,17.7764,-19.3724,11.9193,5.65393,3.99095,2.40659,1.40003,-0.475599,-0.567714,0.030027,230.0,4.94441,-2.92648,-1.57369,-13.189,-0.0859105,16.5821,-19.1998,11.856,5.63037,4.06899,2.40183,1.37564,-0.475599,-0.558398,0.030027,230.0,72.6754,72.6318,21.9513,21.9513,333.58,211.885,545.465,3.0644,3.519
1,Q00987,Y489F,O15151-5,1.0,0.9375,1.0,0.968254,0.46441000000000004,-0.187765970826149,0.0121201509609818,0.768549658453182,-0.689732,-3.785,3.0,75.7805,77.9979,14,14,17,17,-17.9247,-11.9611,-2.18623,-20.7913,-1.0531,24.0738,-31.69,3.21765,8.55598,10.4699,1.06381,3.34027,0.0753565,-0.169224,0.08569639999999999,123.0,-18.3848,-11.9694,-2.18623,-20.8132,-1.0531,23.8686,-31.8306,3.2047,8.47492,10.4744,1.06185,3.36046,0.0753565,-0.169224,0.0930099,123.0,10.3073,10.3032,16.0023,16.0023,591.64,225.475,817.105,2.87629,2.87629
1,P00533,L858R,Q9NSE2-2,0.3443,0.29661,0.4607,0.310016,1.07731,0.9940661281434586,0.03404051810503006,2.353721640948576,1.04919,-4.914,-3.0,24.7629,27.3212,7,7,33,33,64.6618,-4.9348,-2.26708,-27.449,-2.44585,42.6675,-37.9302,67.633,11.1338,8.22103,8.3918,50.5526,0.0115639,-0.80119,0.047281699999999996,447.0,54.113,-4.69278,-1.99872,-28.1402,-3.03583,44.5074,-38.3347,54.9948,11.9038,8.41007,8.88054,50.5351,0.0115639,-0.8244020000000001,0.047281699999999996,447.0,226.917,230.933,104.545,104.545,0.0,186.23,0.0,3.06862,3.35457
0,P23297,F16A,P25815,0.6778,0.6643819999999999,0.5222,0.5173479999999999,0.703195,0.9796852296713041,0.06013549119234085,2.497225052045476,-1.82024,-7.81,-3.0,4.94656,7.70412,2,2,64,34,-35.6722,-4.424169999999998,-6.39984,-24.1079,-0.9952639999999999,20.2046,-39.583,4.2663400000000005,12.2145,0.6727390000000001,0.968561,4.13249,-1.22936,0.290353,0.06631820000000001,188.0,-36.1883,-4.43222,-6.39984,-24.1349,-0.995245,20.0827,-39.7081,4.06231,12.2103,0.6727390000000001,0.959094,4.24475,-1.22936,0.290353,0.0498605,188.0,25.6131,25.1457,17.2017,17.2017,667.92,288.795,956.72,3.5386900000000003,4.8284699999999985
0,Q9H334,W534R,O15409-2,0.9012,0.843648,1.0,0.951807,2.66109,0.9912459871266041,0.0237284985487349,2.25229178662604,-1.66683,-12.793,-4.0,46.9172,50.4206,18,18,30,29,-60.1924,-6.6817699999999975,-2.54891,-42.0545,-1.5436299999999998,29.2273,-66.7683,7.09064,14.4821,5.06647,2.06982,6.54642,0.194933,-1.14635,0.035729000000000004,161.0,-58.0425,-6.645460000000001,-2.54891,-41.7777,-1.53575,29.7087,-65.9427,7.08807,14.7527,5.16638,2.09411,6.4229400000000005,0.35935700000000004,-1.1811200000000002,0.035729000000000004,161.0,16.0402,16.0921,21.735,21.735,1078.67,479.795,1558.46,2.66772,2.66772
1,P21912,R177A,P31040,0.9925,0.541198,0.9671,0.968745,1.56928,0.9980932525722892,0.0019217798835597891,2.18727424970623,-0.6764220000000001,-5.507999999999999,-2.0,34.172,38.6156,15,15,33,33,-17.2681,-5.69559,-9.15377,-22.0933,-6.07041,31.8208,-26.6303,2.95388,9.38136,6.46806,0.948925,4.75215,-0.5703560000000001,-1.12519,0.113685,741.0,-18.1259,-5.62184,-9.14433,-21.3295,-6.18874,30.3491,-26.0749,2.83112,9.35989,6.32555,0.8600190000000001,4.76305,-0.657131,-1.3328,0.113685,741.0,40.5581,40.4738,216.626,216.626,409.03,321.46,730.49,3.5128,4.07626
1,P01270,K58L,Q03431,1.0,0.229885,0.9861,0.617819,2.3097,-0.0276388376951218,-0.156049389392138,-1.83007883075746,-0.807864,-4.039,-3.0,75.37899999999998,64.0026,15,14,24,25,-12.0997,-2.5218,-4.68824,-12.0374,-2.59044,13.975,-18.3778,1.56137,8.221160000000001,1.91661,0.918643,3.36225,-0.202919,-0.66633,0.00837593,132.0,-12.3415,-2.5633,-4.68824,-12.2522,-2.4526,14.1797,-18.8721,1.72825,8.164060000000001,1.85511,0.950286,3.32749,-0.202919,-0.580023,0.00837593,132.0,2.78629,2.83554,26.6826,26.6864,329.955,156.225,486.19,3.82571,3.61298
0,P13501,E49A,P02776,0.245614,0.229167,0.380952,0.420491,1.22154,-0.0069459229707717896,0.12251504510641098,0.4830008179854684,-0.0240077,-4.598,-1.0,31.961,23.107,7,7,24,23,-2.81318,-5.38701,-3.9586099999999997,-11.3804,-0.30682,16.1906,-15.6675,2.64929,7.24178,4.8901900000000005,0.738271,1.37827,-0.0829733,-0.127826,0.00379217,134.0,-2.73959,-5.41991,-3.9586099999999997,-11.2534,-0.328486,16.0704,-15.4277,2.57672,7.23141,4.89182,0.73601,1.46466,-0.0829733,-0.162689,0.00379217,134.0,41.6556,41.2932,18.269,18.269,378.15,197.935,576.085,3.49073,3.53338
1,P00492,P38S,Q9NRG1,0.9907,0.9729780000000001,0.6777,0.650644,2.37405,0.0,0.0,0.0,-0.9153600000000001,-6.8279999999999985,-1.0,10.237,11.3543,10,9,40,25,-17.7067,-4.30323,-7.097760000000001,-16.9722,-2.08641,22.2818,-22.4452,1.92665,10.0408,1.68713,0.747002,4.21534,-0.830542,-0.69411,0.0393227,433.0,-17.1127,-4.32796,-7.097760000000001,-16.9335,-2.08496,22.4178,-22.1342,1.9382,10.1747,1.68713,0.7331770000000001,4.32725,-0.830542,-0.69411,0.0393227,433.0,55.8168,55.8453,55.3707,55.3707,325.425,218.695,544.12,3.38398,3.38398
0,Q9H269,R725E,Q96AX1,1.0,0.292308,0.9663,0.964737,3.36155,-0.015867255628109,0.10426995035231801,0.457039355194039,-1.05532,-4.211,-1.0,66.0499,40.9738,27,7,25,30,-11.3022,-2.48337,-2.73139,-13.4107,-3.2636,17.05,-17.0783,1.379,7.28677,0.034475599999999995,0.382409,3.5196400000000003,-0.117118,-0.809768,0.075313,689.0,-8.79703,-2.38707,-2.06904,-12.0494,-0.81094,14.7409,-16.2286,1.22592,5.53816,0.034475599999999995,0.26658000000000004,3.25706,0.5633090000000001,-0.0806446,0.075313,689.0,11.5318,11.3302,155.414,155.414,288.615,244.2,532.815,2.56253,3.4626
0,P16144,R1281A,Q15149-2,0.9649,0.8959239999999999,1.0,0.853448,6.0194800000000015,0.448405884206295,0.8528547883033752,1.289853195627597,-1.3965299999999998,-5.745,-2.0,38.5692,31.5609,22,22,29,29,-2.77814,-2.98938,-5.74026,-10.5576,-3.2232,17.488,-11.8327,3.4853400000000003,6.7069300000000025,0.9613700000000001,1.07682,1.48074,0.12143499999999999,-0.658818,0.0,213.0,-0.865196,-1.39933,-4.44537,-9.38472,-2.64456,15.5444,-11.1194,3.04986,6.09638,1.02435,0.577271,1.40298,-0.027661200000000004,-0.520396,0.0,213.0,24.4899,23.6171,24.3208,24.3748,199.225,195.18,394.405,2.61358,3.02581
0,Q8IWE4,A265R,Q13618-2,0.4592,0.330913,0.5135,0.0534933,2.33068,0.00318441540002823,0.192991960095242,1.48418702758048,-1.2419,-4.376,-2.0,78.7465,85.9657,22,29,11,11,-11.5281,-4.6485699999999985,-8.685260000000001,-9.01441,-6.60924,16.5005,-9.71669,0.48024,10.5323,1.01879,0.138323,1.59807,-1.87153,-2.32063,0.284032,219.0,-1.28435,-4.12284,-7.77022,-9.98861,-4.13408,16.9262,-10.4818,5.4,10.9031,1.86333,0.216752,2.2474,-1.28438,-1.27302,0.0773163,219.0,45.1397,45.3916,31.4895,31.8572,198.17,235.98,434.145,2.71877,2.71877
1,P63272,L10V,O00267-2,1.0,0.8888889999999999,1.0,0.979167,-0.08067819999999999,0.0154260098934174,0.283096358180046,0.44028817171111895,-1.20453,-2.101,1.0,83.8245,83.7371,12,7,15,16,-36.0943,-10.4453,-8.76765,-27.5105,-2.11377,26.4398,-42.5772,5.4302,14.5776,6.41832,0.960534,4.04974,-0.444341,-0.445968,5.55112e-17,202.0,-34.7158,-10.4421,-8.76765,-26.8198,-2.05396,26.0336,-41.2951,5.42628,14.2003,6.56275,0.946144,3.98493,-0.444341,-0.445968,5.55112e-17,202.0,28.577,28.5795,21.1425,21.1425,720.99,282.31,1003.3,3.65475,4.87082
0,Q92730,E48A,O43157,0.4142,0.398669,0.9439,0.936844,1.49737,0.637457410804927,0.247197838500142,1.9331028301033701,-0.867518,-4.477,-1.0,47.1316,32.1818,12,6,20,19,-7.58173,-2.89285,-2.67808,-12.3176,-0.207614,12.5326,-18.3808,5.48694,6.33378,4.5907800000000005,0.41163900000000003,2.55163,-0.292831,-0.17666700000000002,0.00905394,750.0,-7.89012,-2.08118,-1.8812799999999998,-11.7121,-0.192378,11.1979,-17.6998,5.44393,5.31974,3.75676,0.410789,2.47416,-0.292831,-0.16866099999999998,0.00905394,750.0,46.4005,45.7597,119.073,119.07700000000001,383.155,143.215,526.375,2.87837,3.5667800000000005
1,P46734,T222E,Q9Y463-3,0.2601,0.22052399999999997,0.7859,0.750034,0.674163,0.9980123012512648,0.1386677771806717,2.1644298544930507,-0.0399027,-5.535,-1.0,10.7246,16.9693,7,7,18,29,20.427,-2.1948,-4.37014,-14.5443,-1.14495,30.9095,-17.2106,15.9174,5.85439,4.162669999999999,1.65777,29.0584,-0.434875,-0.620313,0.061177199999999994,591.0,20.2639,-1.63303,-3.70421,-14.5355,0.45049300000000003,31.4567,-17.1209,12.1942,5.80624,4.29674,1.71607,29.1502,-0.595567,-0.512495,0.061177199999999994,591.0,193.386,193.378,96.4308,96.4308,380.47,208.87,589.335,6.8703,5.3136199999999985
1,Q9H840,R68C,Q8WXD5,1.0,1.0,1.0,0.5149699999999999,1.35489,0.0840278654359281,0.10806265450082699,0.6959693813878779,-1.55051,-6.801,-4.0,54.161,51.5232,4,4,24,24,-26.4139,-9.09956,-6.12791,-26.0807,-2.96748,28.9697,-36.4855,4.26701,12.9295,5.36239,1.2177,3.3859800000000004,-0.401061,-0.4735140000000001,0.0915262,171.0,-25.9367,-9.04574,-6.12791,-26.0726,-2.73279,28.9154,-36.4392,4.26703,12.9157,5.32953,1.2189299999999998,3.47622,-0.346384,-0.294212,0.0915262,171.0,16.9158,16.8498,16.6746,16.6746,606.345,282.735,889.075,4.31168,4.5906400000000005
0,Q99728,V695L,P38398,1.0,0.9622639999999999,0.2534,0.190708,-0.7848649999999999,0.2402277570217848,0.5587092638015747,0.05544047115797713,-0.0713826,-2.357,1.0,0.0,0.0,1,4,52,61,147.356,-3.27222,-9.38011,-39.2548,-2.87938,69.7576,-53.7151,148.364,13.2476,11.5642,11.458,82.9235,-0.425646,-0.753722,0.261954,402.0,147.879,-3.26628,-9.3799,-38.9454,-2.87937,69.7399,-53.077,148.275,12.9549,11.5582,11.4332,82.8998,-0.425646,-0.753722,0.261954,402.0,100.103,101.16,144.986,144.986,934.68,471.78,1406.46,6.24894,5.63509
0,P54198,I461D,Q9Y294,1.0,0.64,1.0,0.987179,2.22476,-0.0181635115295649,0.485695582487097,1.55804779657099,-1.50671,-6.433,-4.0,45.2714,40.7295,27,12,29,27,-13.2314,-6.70942,-4.73605,-9.55188,-3.06493,12.2515,-12.0244,0.0570146,5.72641,3.01669,0.535784,0.600749,0.0,-1.11991,0.00383004,170.0,-9.74512,-6.54418,-4.73605,-9.11537,-3.01736,13.5824,-10.6195,0.0843637,5.36144,3.33799,0.511163,0.630106,0.0,-0.977849,0.00383004,170.0,1.78315,1.7554299999999998,31.0296,31.0296,194.67,160.885,355.555,2.69611,2.69611
0,P01100,K176N,P05412,0.9831,0.8795870000000001,0.9828,0.826845,2.24276,0.7927176728844643,0.10161800682544707,1.306208306461696,-0.794588,-4.897,0.0,80.1913,60.0015,17,17,17,17,-32.8974,-1.41378,-1.61795,-19.0292,-1.14936,8.10769,-37.1857,1.82548,16.0541,-1.98952e-13,0.180197,2.65955,0.0,-1.05293,0.0,117.0,-31.5269,-1.46536,-1.61795,-18.7439,-1.16425,8.69599,-36.0958,2.0803599999999998,15.280999999999999,-2.1316300000000001e-13,0.178041,2.73652,0.0,-1.05905,0.0,117.0,5.0953300000000015,4.98344,7.24224,7.24224,647.51,221.17,868.675,3.63408,3.96867
1,Q9UBU7,L306I,O00311,1.0,0.790323,1.0,0.741935,0.0164278,0.23188500851392746,0.2860974073410034,-0.06211281704115852,-0.252705,-1.66,1.0,56.4844,58.6198,12,12,23,23,-10.1699,-4.6075300000000015,-12.2076,-37.512,-3.7697,48.5695,-53.3986,16.6998,20.4041,11.3815,2.3212599999999997,15.0399,-0.027009,-0.807999,0.400391,303.0,-10.3784,-4.61605,-12.2074,-37.4346,-3.77218,48.441,-53.2758,16.5744,20.3215,11.3113,2.33055,14.9879,-0.027009,-0.807999,0.399846,303.0,7.51709,8.46701,137.151,136.798,993.215,542.99,1536.2,3.46984,3.5020300000000004
0,Q96B26,D202V,Q9NQT4,1.0,0.978261,0.9716,0.97302,1.62081,0.2730108833638951,0.3381022810935974,1.3957486773381351,-0.00438677,-7.146,-4.0,52.5532,53.2455,0,1,11,13,3.52826,-4.1459800000000016,-4.84141,-20.932,-1.01844,31.5402,-26.6326,9.63826,9.07741,7.5080399999999985,1.40246,14.9164,0.271015,-0.748087,0.0253585,481.0,3.5296300000000005,-4.1459800000000016,-4.84141,-20.9552,-1.0017399999999999,31.5563,-26.6622,9.63826,9.06352,7.5080399999999985,1.40246,14.9164,0.25249099999999997,-0.6942619999999999,0.0253585,481.0,153.747,153.222,79.5901,79.5901,479.295,324.22,803.525,6.7333300000000005,5.58818
0,O14796,R31K,Q9UN19-2,0.4694,0.4718560000000001,0.3021,0.265176,0.983444,0.9731091056019068,0.007443111389875413,1.495761239260759,0.062961,-2.85,2.0,3.98559,2.20313,0,0,47,45,7.61746,-1.27225,-7.35625,-10.7862,-0.491871,20.4781,-12.8144,8.56365,6.15232,2.39483,0.7146520000000001,2.00905,-0.376108,0.0269368,1.11022e-16,202.0,7.89998,-1.27225,-7.37016,-10.7629,-0.268901,20.3871,-12.8144,8.56364,6.18976,2.40024,0.706148,2.01811,-0.393165,0.150969,1.11022e-16,202.0,44.0627,43.8924,88.8274,88.8274,263.72,221.525,485.245,5.15184,6.2153
0,Q9H4D5,R409W,Q9UKK6,0.6467390000000001,0.61707,1.0,0.8935709999999999,0.272926,0.4583103053737432,0.8045998811721802,1.2588768451666097,-1.12491,-4.699,-4.0,25.9284,27.8612,6,6,40,40,-22.0458,-9.69951,-17.0055,-40.4466,-7.33292,49.6229,-55.5614,20.5827,23.2277,7.56965,6.50101,6.00004,-0.421012,-1.61756,0.150765,325.0,-19.6489,-8.83785,-15.4039,-40.2745,-5.75539,48.549,-55.7372,20.4659,22.0334,7.90849,6.51388,5.92882,-0.4789270000000001,-1.16667,0.150765,325.0,56.3393,58.6274,45.1271,45.1657,846.775,487.02,1333.8,2.55245,3.39411
1,P35908,L484P,P19012,0.8085,0.2449010000000001,0.7667,0.22452800000000006,0.67009,0.9591482358518992,0.30803779488269395,2.69058493351905,-0.5150520000000001,-6.795,-3.0,71.8039,64.8732,18,13,22,26,-77.5216,-3.4142,-6.85052,-43.7633,-2.21063,19.6728,-82.5959,3.3649400000000003,36.1472,0.0233729,0.5654170000000001,6.63902,-0.00508946,-0.839714,0.0,185.0,-75.4889,-3.4142,-6.85052,-43.0337,-2.21063,19.485,-81.0881,3.90674,35.3744,0.239459,0.563443,6.45305,-0.00508946,-0.839714,0.0,185.0,10.1253,13.2481,4.57612,4.57612,1306.27,338.985,1645.25,3.4224,4.12795
1,P63000,G12V,P52757-5,0.7031,0.7179449999999999,0.2868,0.221488,2.24151,0.999282207354554,0.9844400246511208,2.3859564814906298,-0.549004,-4.637,-4.0,33.3012,34.2621,0,13,0,24,-16.6059,-2.61309,-7.43343,-16.9944,-5.76575,21.857,-23.5978,1.87861,11.449000000000002,2.78619,1.2116,2.85767,-0.0816044,-1.68615,-1.11022e-16,372.0,-14.3062,-2.22791,-7.87087,-17.5838,-5.6672400000000005,22.389,-24.726999999999997,5.01891,11.1787,2.90393,1.63699,3.0764400000000003,-0.08474119999999999,-1.6562700000000001,-1.11022e-16,372.0,47.7345,48.7092,76.1362,76.1155,423.365,277.315,700.68,4.0968,2.41246
1,P68431,S88A,Q9UER7,0.9184,0.8071699999999999,1.0,0.277027,-0.826822,0.8173915892839432,0.1565987914800644,0.4803935570852051,-0.328865,-2.091,1.0,70.3211,63.6872,13,13,14,14,-60.5161,-15.6166,-26.0209,-54.4399,-11.122,65.7404,-74.5591,7.217919999999999,39.7536,8.68646,2.50142,10.9138,-1.99833,-3.04319,0.0,303.0,-61.2963,-15.6069,-25.5687,-54.2327,-11.1137,65.0471,-74.8039,7.11159,39.1011,8.920810000000003,2.50655,11.0141,-1.99833,-3.04319,0.0,303.0,18.0064,18.0057,29.6588,29.638,1462.91,902.64,2365.54,2.80671,3.01009
0,P40337,C162F,Q15369-2,1.0,0.91358,0.9167,0.920865,1.63053,-0.0195764303207397,0.202996095598792,1.33641153460408,-1.44412,-9.979,-3.0,43.2242,57.2023,17,17,20,20,-21.3528,-4.09389,-5.0937,-18.3746,-0.784212,17.8073,-29.9876,3.23733,11.2733,3.24907,0.70919,1.8979099999999998,-1.16631,-0.51261,-1.11022e-16,244.0,-10.7748,-4.00439,-5.09204,-18.6231,-0.789331,17.7766,-30.6425,14.819,10.7675,3.2553099999999997,1.05034,1.7945099999999998,-1.16349,-0.51261,-1.11022e-16,244.0,34.2875,35.155,16.0288,19.3648,489.45,215.385,704.83,3.1455900000000003,2.57654
0,Q9NPD8,R60E,Q9NW38-2,1.0,0.993506,1.0,0.197368,1.29481,0.826038651750423,0.04190858080983162,1.1466727530886602,-0.977835,-4.667,-1.0,68.0732,54.4351,0,0,25,24,-3.4866300000000003,-0.9795590000000001,-0.955291,-11.2605,-1.44402,10.6871,-16.0371,5.66518,5.59309,3.46507,0.302967,2.86026,-0.274501,-0.633037,2.77556e-17,228.0,-3.23033,-0.988865,-0.955291,-11.2654,-1.15297,10.6907,-16.0391,5.66765,5.13474,3.46507,0.302967,2.87942,-0.09490610000000001,-0.3789030000000001,2.77556e-17,228.0,35.6186,35.6141,14.9947,14.9947,330.025,162.495,492.52,4.82886,5.5131
1,P42771,M53I,Q00534,0.992,0.795192,0.9204,0.8904860000000001,0.807443,0.004731060471385717,0.2075320482254029,-0.39562609324477305,0.18650999999999998,-3.665,1.0,44.9356,45.795,19,19,23,23,-5.84972,-6.04841,-11.4762,-22.1252,-10.4554,36.5643,-25.20300000000001,12.0228,12.2762,4.78198,2.65519,6.93974,-0.127838,-1.2365,0.138281,414.0,-5.3978699999999975,-5.9980400000000005,-11.4633,-21.6127,-10.3786,36.12,-24.6995,12.2132,11.7777,4.75149,2.73366,6.76187,-0.127838,-1.2365,0.138432,414.0,52.4231,56.8214,132.958,132.958,404.06,348.97,753.03,3.28263,3.13542
0,Q07820,L213A,Q07812-2,0.3504,0.261259,0.9272,0.713486,0.408782,0.5047240480780602,0.5031034350395203,0.4799287461032153,-1.17242,-3.14,-2.0,11.6324,12.4729,9,2,53,31,-83.8268,-8.57698,-15.8433,-79.1019,-2.93985,68.1661,-128.04,24.4283,41.7992,10.6102,4.27321,15.5908,-0.29623499999999997,-0.721939,0.0323579,344.0,-83.2251,-8.71037,-15.8433,-79.1583,-2.93985,68.4784,-127.955,24.6984,41.9354,10.6102,4.26104,15.8101,-0.29623499999999997,-0.721939,0.0323579,344.0,93.605,92.5657,45.2776,45.2776,0.0,0.0,0.0,3.4520800000000005,3.62286
0,P48059,F42A,Q13418,1.0,0.9264709999999999,1.0,0.949721,6.00895,0.1971306148916483,0.3025393187999725,1.5828021533320802,-0.699076,-7.0760000000000005,-3.0,75.8092,63.908,41,41,15,15,-3.53389,-1.75985,-10.8064,-13.7175,-0.470066,20.4473,-15.5949,5.49391,9.72567,0.8148569999999999,0.383023,1.84379,-0.497514,-0.131204,0.194696,240.0,-1.78457,-1.7557599999999998,-10.4741,-12.4679,-0.49991599999999997,19.7325,-13.4156,4.50686,9.25967,0.956024,0.423518,2.61393,-0.497514,-0.131204,0.194852,240.0,23.099,23.3505,40.9853,40.9832,355.755,333.63,689.38,3.35526,3.58725
0,Q9Y3B2,P10L,Q9NQT4,1.0,0.75,0.3476,0.29012,1.55998,0.0,0.0,0.0,0.624454,-6.725,-3.0,45.8467,57.2713,17,23,20,20,-4.09426,-0.445439,-4.55396,-11.1316,-1.85552,11.9713,-15.9422,8.01625,5.7224900000000005,3.26863,1.02073,2.36564,0.0420382,-0.207002,0.0,256.0,-4.36756,-0.478414,-4.55396,-12.0785,-1.85756,12.6202,-17.7016,8.04495,6.35723,3.41609,2.02891,2.39033,0.0420382,-0.207002,0.0,256.0,18.085,19.1767,136.836,139.002,0.0,165.15,0.0,3.38917,3.42316
1,P84022,T330A,O95405,0.9742,0.918665,1.0,0.911111,0.538351,0.9850697056390344,0.3956326246261597,1.7687135659535056,-1.4931299999999998,-4.178,0.0,28.9905,26.0258,4,1,27,27,-18.5484,-8.140939999999999,-4.3664,-27.6189,0.377921,30.1507,-40.6123,9.427660000000001,9.06458,11.0404,1.3381100000000001,5.93752,0.11038800000000001,0.257891,0.0,235.0,-18.2482,-8.140939999999999,-4.33591,-27.4964,0.377921,30.0851,-40.3758,9.3922,9.06458,11.0752,1.31508,5.93114,0.11038800000000001,0.257891,0.0,235.0,50.9866,50.5234,6.1738800000000005,6.1738800000000005,765.595,235.955,1001.55,3.68334,5.1441
0,Q9UBU9,H457A,Q9UKK6,0.9672129999999999,0.850267,1.0,0.8935709999999999,1.0741,0.024393864907324314,0.04607438296079636,0.0661219053043393,-1.2706899999999999,-8.761000000000001,-2.0,47.9414,34.5008,7,7,24,21,-19.1309,-6.2805800000000005,-13.324000000000002,-37.3914,-5.61065,48.17100000000001,-49.7718,13.5641,18.5314,8.252410000000001,3.22401,7.41467,-0.12992599999999999,-0.9769479999999999,0.227525,326.0,-18.3783,-6.25301,-13.3178,-36.7989,-5.61065,47.78,-48.9879,13.5965,18.287,8.252410000000001,3.22385,7.30364,-0.12992599999999999,-0.9769479999999999,0.172989,326.0,37.8153,37.4415,37.2815,37.2815,795.68,450.01,1245.69,3.13793,3.90543
0,O14788,R223A,Q9Y6Q6,0.9032,0.9022190000000001,0.8519,0.838599,1.41448,0.15613972395658493,0.5000751018524171,1.10051868625707,0.29928299999999997,-5.3,-2.0,21.4475,16.7862,9,3,41,32,1.38763,-2.81373,-4.06001,-9.0705,-4.259519999999998,17.2309,-10.4412,4.72611,5.23704,2.51285,0.475525,2.44179,0.0,-0.57404,0.0402269,236.0,1.8577700000000001,-2.82098,-4.0061800000000005,-8.28527,-2.4232299999999998,15.2651,-9.909410000000001,4.23607,5.27417,2.28373,0.236531,2.12838,0.0,-0.416997,0.0402269,236.0,49.6715,48.431,23.9715,23.9715,176.945,115.63,292.58,2.94553,5.48003
0,Q96MG7,L97A,Q8WV22,0.8756,0.842973,0.9881,0.943754,1.88041,0.0,0.0,0.0,-0.596325,-4.476,-2.0,13.6837,20.1113,4,2,42,20,-16.7814,-4.70058,-12.7231,-15.3891,-1.5086,17.9529,-21.3671,6.41909,12.5326,3.26256,0.221935,3.9108,-0.8884139999999999,-0.593616,1.11022e-16,386.0,-16.139,-4.71935,-12.7231,-15.1317,-1.5086,17.9908,-20.8445,6.37449,12.4225,3.26256,0.219766,3.96489,-0.8884139999999999,-0.593616,1.11022e-16,386.0,97.8681,97.8308,38.64,38.64,319.18,204.87,524.05,3.887,4.25997
0,Q0P5N6,G66D,O43924,0.3071,0.21337399999999998,0.9463,0.942658,2.75596,0.8938550716266036,0.5369138717651367,1.5210613890998868,-0.523221,-5.972,-2.0,31.8688,57.8194,0,22,0,17,25.0367,-6.82715,-6.21804,-23.1309,-2.90982,40.6823,-27.9412,32.0347,7.0462,5.79453,4.40381,7.9013399999999985,0.053709400000000004,-0.397865,0.0624643,333.0,41.285,-6.6303800000000015,-6.97832,-23.7192,-2.7835799999999997,44.2357,-28.346,45.775,7.44544,5.71154,4.35652,7.98393,0.093468,-0.321772,0.0624643,333.0,170.857,173.36900000000003,44.9047,46.1977,465.32,313.25,778.575,3.3852300000000004,1.51521
1,Q7Z3B4,R385K,P37198,0.9483,0.391144,0.9821,0.514465,1.00022,-0.07608194649219513,0.3878021836280823,-0.5606532535449741,-1.17282,-2.5980000000000003,2.0,77.6177,71.4404,16,8,22,23,-28.5285,-2.00126,-5.3779699999999995,-17.8048,-2.75258,11.4392,-31.5392,1.1794,16.3128,0.561203,0.30587,2.16414,-0.069258,-1.27601,0.110097,114.0,-27.0751,-1.97183,-2.8136400000000004,-17.0858,-1.67792,10.1407,-31.1261,1.06734,13.9664,0.5393439999999999,0.303738,1.9550400000000001,0.0224678,-0.933969,0.110097,114.0,5.7145199999999985,5.53125,10.0674,10.0523,533.69,205.24,738.935,2.54783,3.4424300000000003
1,P19429,R145Q,P02585,0.9145,0.895217,0.6812,0.658941,0.41780500000000004,0.494924336671829,0.0610070526599884,0.49439327231068897,0.191633,-3.6519999999999997,1.0,97.6434,95.7361,2,2,8,8,-18.3089,-1.61824,-6.53528,-17.6158,-6.93198,19.7062,-28.561,4.13101,15.6337,3.87603,0.430505,2.79036,-0.198478,-3.00952,4.85723e-17,228.0,-18.0887,-1.61824,-6.53528,-17.6056,-6.93942,19.6926,-28.5454,4.13101,15.7092,3.87254,0.430505,2.79037,-0.0823647,-2.98223,4.85723e-17,228.0,12.0152,11.9287,38.9537,38.9537,586.145,319.2,905.345,4.3629,4.3629
1,P21860,G284R,P04626,0.6803,0.517968,0.4645,0.481888,0.973955,0.05810016766190529,0.10945922881364822,-0.07532455777164103,1.16835,-3.628,-3.0,48.9926,68.8024,0,0,0,0,-4.68687,-7.44756,-8.53786,-23.8022,-1.06358,33.229,-30.2299,9.46927,12.6093,7.33846,1.7096900000000002,3.13574,0.0,-0.37921900000000003,0.0337885,318.0,-4.73334,-7.462089999999999,-8.53786,-23.9059,-1.10306,33.3393,-30.4167,9.484110000000001,12.8197,7.33846,1.7073099999999999,3.1415900000000003,0.0,-0.4144229999999999,0.0337885,318.0,50.1627,50.3404,68.9744,68.9744,0.0,0.0,0.0,3.6964,3.6964
0,P30622-2,K252A,Q15691,0.4839,0.345467,1.0,0.826667,0.584255,0.0,0.0,0.0,0.396472,-5.667999999999998,-1.0,97.4981,86.1169,8,6,11,8,-8.077539999999999,-3.61929,-1.65583,-9.51866,-1.6519400000000002,11.627,-13.7629,2.13365,3.49261,4.4364300000000005,1.05371,2.06529,-0.11231,-0.5817829999999999,0.08176760000000001,152.0,-7.0178,-3.61929,-1.65583,-8.90743,-1.35019,11.1065,-12.7339,2.05532,2.71136,4.7204,1.05308,2.03694,-0.11231,-0.36728,0.08176760000000001,152.0,62.3595,62.3569,15.5605,15.5605,298.115,118.055,416.175,3.59716,4.22529
